"","varid","CHROM","POS","ID","REF","ALT","QUAL","FILTER","AF_EAS_gnomad_wgs","AF_POPMAX_gnomad_wgs","GERP++_NR","GERP++_RS","Hemi_gnomad_wgs","Hom_gnomad_wgs","LRT_score","MGANN","MutationTaster_score","Polyphen2_HDIV_score","Polyphen2_HVAR_score","SIFT_score","gnomad_filter","mcapscore","phyloP","rmsk","CSQ","Allele","Consequence","IMPACT","Gene","Feature_type","Feature","BIOTYPE","EXON","INTRON","HGVSc","HGVSp","cDNA_position","CDS_position","Protein_position","Amino_acids","Codons","Existing_variation","DISTANCE","STRAND","FLAGS","ENSP","REFSEQ_MATCH","DOMAINS","HGVS_OFFSET","LoF","LoF_filter","LoF_flags","LoF_info","RS","AF_POPMAX_KG","AF_POPMAX_ESP","AF_POPMAX_ExAC","AC_Hom_ExAC","AC_Het_ExAC","AF_ESA_ExAC","dbscSNV_ADA_SCORE","dbscSNV_RF_SCORE","dpsi_max_tissue","SIFT_pred","Polyphen2_HDIV_pred","LRT_pred","MutationTaster_pred","MutationAssessor_pred","FATHMM_pred","CADD_phred","DANN_score","locus_group","hgnc_id","symbol","omim_id","tx_order","RCV","ALL_PMIDS","AF_POPMAX","ACMG_PM2","ACMG_BA1","ACMG_BS1","ACMG_BS2","ACMG_PVS1","ACMG_PM5","ACMG_PS1","ACMG_PM1","ACMG_PM4","ACMG_PP2","ACMG_PP3","Pred_Patho","ACMG_BP3","ACMG_BP4","Pred_Benign","ACMG_BP7","ACMG_score","notingene","pathoACMG","tagsACMG","FORMAT.GT.NGS_7042_BW_C","FORMAT.ALL.NGS_7042_BW_C","xrare_score","FORMAT.numGT.NGS_7042_BW_C",".genemlscoremax"
"1",634,"12","23887671",".","G","A","758.8","PASS",NA,NA,"5.11","5.11",NA,NA,"0.000000","||||||||||||D|A|||40|0.998","1.000000",NA,NA,"0.010000",NA,NA,"2.390000",NA,"A|stop_gained|HIGH|SOX5|6660|Transcript|NM_152989.3|protein_coding|9/18||NM_152989.3:c.718C>T|NP_694534.1:p.Gln240Ter|1092|718|240|Q/*|Cag/Tag|||-1||||NP_694534.1||||HC|||POSITION:0.318686196182867","A","stop_gained","HIGH","6660","Transcript","NM_152989.3","protein_coding","9/18","","NM_152989.3:c.718C>T","NP_694534.1:p.Gln240Ter","1092","718","240","Q/*","Cag/Tag","","","-1","","NP_694534.1","","","","HC","","","POSITION:0.318686196182867","",0,0,0,0,0,"",NA,NA,NA,"","","D","A","","",40,0.998,"protein-coding gene","HGNC:11201","SOX5","604975",1,"","",0,"1,在所有人群中, 等位基因的频率都小于0.001或者不存在: AF_POPMAX_KG=0|AF_POPMAX_ExAC=0|AF_POPMAX_ESP=0","0","0","0","1,存在缺失功能(Loss of Function, LoF)变异, 且已知该基因的LoF突变致病.","0","0","0","0","0","0",4,"0","0",0,"0",8,FALSE,"Likely Pathogenic","PVS1,PM2","0/1","0/1:37,22::99",0.289778470993042,1,0.289778470993042
"2",635,"12","23887672",".","C","A","758.8","PASS",NA,NA,"5.11","2.19",NA,NA,"0.000000","||||||||||D|D|D|D|M|D|24.3|0.996","0.956809","0.997","0.973","0.090000",NA,"0.225154428988","0.156000",NA,"A|missense_variant|MODERATE|SOX5|6660|Transcript|NM_152989.3|protein_coding|9/18||NM_152989.3:c.717G>T|NP_694534.1:p.Gln239His|1091|717|239|Q/H|caG/caT|||-1||||NP_694534.1|||||||","A","missense_variant","MODERATE","6660","Transcript","NM_152989.3","protein_coding","9/18","","NM_152989.3:c.717G>T","NP_694534.1:p.Gln239His","1091","717","239","Q/H","caG/caT","","","-1","","NP_694534.1","","","","","","",NA,"",0,0,0,0,0,"",NA,NA,NA,"D","D","D","D","M","D",24.3,0.996,"protein-coding gene","HGNC:11201","SOX5","604975",1,"","",0,"1,在所有人群中, 等位基因的频率都小于0.001或者不存在: AF_POPMAX_KG=0|AF_POPMAX_ExAC=0|AF_POPMAX_ESP=0","0","0","0","0","0","0","0","0","0","1,>=6/8方法预测为致病变异 SIFT_pred=D|Polyphen2_HDIV_pred=D|LRT_pred=D|MutationTaster_pred=D|MutationAssessor_pred=M|FATHMM_pred=D|CADD_phred=24.3|DANN_score=0.996",8,"0","0",0,"0",3,FALSE,"Uncertain significance","PP3,PM2","0/1","0/1:37,20::99",0.00116510095540434,1,0.289778470993042
"3",2311,"5","125930943",".","A","AGGGGGGGGGGGGGGGGGGGGGGG","406.7","PASS",NA,NA,NA,NA,NA,NA,NA,NA,NA,NA,NA,NA,NA,NA,NA,NA,"GGGGGGGGGGGGGGGGGGGGGGG|frameshift_variant|HIGH|ALDH7A1|501|Transcript|NM_001202404.1|protein_coding|1/16||NM_001202404.1:c.28_29insCCCCCCCCCCCCCCCCCCCCCCC|NP_001189333.1:p.Leu10ProfsTer68|139-140|28-29|10|L/PPPPPPPPX|ctc/cCCCCCCCCCCCCCCCCCCCCCCCtc|||-1||||NP_001189333.1||||HC|||POSITION:0.0185553346587144","GGGGGGGGGGGGGGGGGGGGGGG","frameshift_variant","HIGH","501","Transcript","NM_001202404.1","protein_coding","1/16","","NM_001202404.1:c.28_29insCCCCCCCCCCCCCCCCCCCCCCC","NP_001189333.1:p.Leu10ProfsTer68","139-140","28-29","10","L/PPPPPPPPX","ctc/cCCCCCCCCCCCCCCCCCCCCCCCtc","","","-1","","NP_001189333.1","","","","HC","","","POSITION:0.0185553346587144",NA,0,0,0,0,0,NA,NA,NA,NA,NA,NA,NA,NA,NA,NA,NA,NA,"protein-coding gene","HGNC:877","ALDH7A1","107323",2,"","",0,"1,在所有人群中, 等位基因的频率都小于0.001或者不存在: AF_POPMAX_KG=0|AF_POPMAX_ExAC=0|AF_POPMAX_ESP=0","0","0","0","1,存在缺失功能(Loss of Function, LoF)变异, 且已知该基因的LoF突变致病.","0","0","0","0","0","0",0,"0","0",0,"0",8,FALSE,"Likely Pathogenic","PVS1,PM2","0/1","0/1:95,19::99",0.139780595898628,1,0.139780595898628
"4",1983,"3","15686853",".","C","CT","1606.7","PASS",NA,NA,NA,NA,NA,NA,NA,"rs397514425|||0.00012|0|1|0.00012|||||||||||",NA,NA,NA,NA,NA,NA,NA,NA,"T|frameshift_variant|HIGH|BTD|686|Transcript|NM_000060.2|protein_coding|4/4||NM_000060.2:c.1493dupT|NP_000051.1:p.Leu498PhefsTer13|1593-1594|1490-1491|497|P/PX|cct/ccTt|||1||||NP_000051.1|||3|HC|||POSITION:0.912990196078431","T","frameshift_variant","HIGH","686","Transcript","NM_000060.2","protein_coding","4/4","","NM_000060.2:c.1493dupT","NP_000051.1:p.Leu498PhefsTer13","1593-1594","1490-1491","497","P/PX","cct/ccTt","","","1","","NP_000051.1","","","3","HC","","","POSITION:0.912990196078431","rs397514425",0,0,0.00012,0,1,"0.00012",NA,NA,NA,"","","","","","",NA,NA,"protein-coding gene","HGNC:1122","BTD","609019",1,"RCV000022020","19728141..20301497..22378278..22475884",0.00012,"1,在所有人群中, 等位基因的频率都小于0.001或者不存在: AF_POPMAX_KG=0|AF_POPMAX_ExAC=0.00012|AF_POPMAX_ESP=0","0","0","0","1,存在缺失功能(Loss of Function, LoF)变异, 且已知该基因的LoF突变致病.","0","0","0","0","0","0",0,"0","0",0,"0",8,FALSE,"Likely Pathogenic","PVS1,PM2","0/1","0/1:75,61::99",0.11356858164072,1,0.11356858164072
"5",1787,"2","211444453",".","G","A","579.8","PASS","0.0037453","0.0037453","5.52","5.52",NA,"0","0.000000","rs200214298|0.002||0.00243|0|24|0.00243|||-7.1321|D|D|D|D|M|D|32|0.999","0.991404","1.0","0.999","0.000000",NA,"0.240168984439","2.605000",NA,"A|missense_variant|MODERATE|CPS1|1373|Transcript|NM_001875.4|protein_coding|5/38||NM_001875.4:c.487G>A|NP_001866.2:p.Gly163Arg|622|487|163|G/R|Gga/Aga|||1||||NP_001866.2|||||||","A","missense_variant","MODERATE","1373","Transcript","NM_001875.4","protein_coding","5/38","","NM_001875.4:c.487G>A","NP_001866.2:p.Gly163Arg","622","487","163","G/R","Gga/Aga","","","1","","NP_001866.2","","","","","","",NA,"rs200214298",0.002,0,0.00243,0,24,"0.00243",NA,NA,-7.1321,"D","D","D","D","M","D",32,0.999,"protein-coding gene","HGNC:2323","CPS1","608307",1,"","",0.00243,"0","0","0","0","0","0","0","0","0","0","1,>=6/8方法预测为致病变异 SIFT_pred=D|Polyphen2_HDIV_pred=D|LRT_pred=D|MutationTaster_pred=D|MutationAssessor_pred=M|FATHMM_pred=D|CADD_phred=32|DANN_score=0.999",8,"0","0",0,"0",1,FALSE,"Uncertain significance","PP3","0/1","0/1:30,29::99",0.0228798966854811,1,0.0228798966854811
"6",2486,"6","144508372",".","C","T","3473.8","PASS",NA,NA,"5.18","5.18",NA,NA,"0.000000","||||||||||D|P|D|D|M|T|32|0.999","0.997334","0.931","0.688","0.010000",NA,"0.0301275856619","2.413000",NA,"T|missense_variant|MODERATE|STX11|8676|Transcript|NM_003764.3|protein_coding|2/2||NM_003764.3:c.608C>T|NP_003755.2:p.Ala203Val|800|608|203|A/V|gCc/gTc|||1||||NP_003755.2|||||||","T","missense_variant","MODERATE","8676","Transcript","NM_003764.3","protein_coding","2/2","","NM_003764.3:c.608C>T","NP_003755.2:p.Ala203Val","800","608","203","A/V","gCc/gTc","","","1","","NP_003755.2","","","","","","",NA,"",0,0,0,0,0,"",NA,NA,NA,"D","P","D","D","M","T",32,0.999,"protein-coding gene","HGNC:11429","STX11","605014",1,"","",0,"1,在所有人群中, 等位基因的频率都小于0.001或者不存在: AF_POPMAX_KG=0|AF_POPMAX_ExAC=0|AF_POPMAX_ESP=0","0","0","0","0","0","0","0","0","0","1,>=6/8方法预测为致病变异 SIFT_pred=D|Polyphen2_HDIV_pred=P|LRT_pred=D|MutationTaster_pred=D|MutationAssessor_pred=M|FATHMM_pred=T|CADD_phred=32|DANN_score=0.999",7,"0","0",1,"0",3,FALSE,"Uncertain significance","PP3,PM2","0/1","0/1:119,132::99",0.0118536446243525,1,0.0118536446243525
"7",1357,"18","48442613",".","G","A","245.8","PASS",NA,NA,NA,NA,NA,NA,NA,"rs549441492|0.001||||||1|0.98|||||||||",NA,NA,NA,NA,NA,NA,NA,NA,"A|splice_region_variant&synonymous_variant|LOW|ME2|4200|Transcript|NM_002396.4|protein_coding|5/16||NM_002396.4:c.468G>A|NM_002396.4:c.468G>A(p.%3D)|727|468|156|K|aaG/aaA|||1||||NP_002387.1|||||||","A","splice_region_variant&synonymous_variant","LOW","4200","Transcript","NM_002396.4","protein_coding","5/16","","NM_002396.4:c.468G>A","NM_002396.4:c.468G>A(p.%3D)","727","468","156","K","aaG/aaA","","","1","","NP_002387.1","","","","","","",NA,"rs549441492",0.001,0,0,0,0,"",1,0.98,NA,"","","","","","",NA,NA,"protein-coding gene","HGNC:6984","ME2","154270",1,"","",0.001,"0","0","0","0","0","0","0","0","1,可能通过影响剪切的变异:","0","0",0,"0","0",0,"0",2,FALSE,"Uncertain significance","PM4","0/1","0/1:20,13::99",0.00878298468887806,1,0.00878298468887806
"8",949,"15","52697532",".","T","G","623.8","PASS",NA,NA,"5.73","0.61",NA,NA,"0.000000","||||||||||D|D|D|D|M|D|25.9|0.999","0.999974","0.987","0.914","0.020000",NA,"0.61785126559","0.192000",NA,"G|missense_variant|MODERATE|MYO5A|4644|Transcript|NM_001142495.1|protein_coding|9/40||NM_001142495.1:c.1005A>C|NP_001135967.1:p.Leu335Phe|1249|1005|335|L/F|ttA/ttC|||-1||||NP_001135967.1|||||||","G","missense_variant","MODERATE","4644","Transcript","NM_001142495.1","protein_coding","9/40","","NM_001142495.1:c.1005A>C","NP_001135967.1:p.Leu335Phe","1249","1005","335","L/F","ttA/ttC","","","-1","","NP_001135967.1","","","","","","",NA,"",0,0,0,0,0,"",NA,NA,NA,"D","D","D","D","M","D",25.9,0.999,"protein-coding gene","HGNC:7602","MYO5A","160777",1,"","",0,"1,在所有人群中, 等位基因的频率都小于0.001或者不存在: AF_POPMAX_KG=0|AF_POPMAX_ExAC=0|AF_POPMAX_ESP=0","0","0","0","0","0","0","0","0","0","1,>=6/8方法预测为致病变异 SIFT_pred=D|Polyphen2_HDIV_pred=D|LRT_pred=D|MutationTaster_pred=D|MutationAssessor_pred=M|FATHMM_pred=D|CADD_phred=25.9|DANN_score=0.999",8,"0","0",0,"0",3,FALSE,"Uncertain significance","PP3,PM2","0/1","0/1:47,31::99",0.00835680216550827,1,0.00835680216550827
"9",2307,"5","118842525",".","G","A","312.8","PASS",NA,NA,"5.83","0.569",NA,NA,"0.001478","rs866717654||||||||||T|P|N|N|M|T|23.3|0.987","0.982411","0.938","0.487","0.020000",NA,"0.0812852006378","0.359000",NA,"A|missense_variant|MODERATE|HSD17B4|3295|Transcript|NM_000414.3|protein_coding|15/24||NM_000414.3:c.1274G>A|NP_000405.1:p.Cys425Tyr|1407|1274|425|C/Y|tGt/tAt|||1||||NP_000405.1|||||||","A","missense_variant","MODERATE","3295","Transcript","NM_000414.3","protein_coding","15/24","","NM_000414.3:c.1274G>A","NP_000405.1:p.Cys425Tyr","1407","1274","425","C/Y","tGt/tAt","","","1","","NP_000405.1","","","","","","",NA,"rs866717654",0,0,0,0,0,"",NA,NA,NA,"T","P","N","N","M","T",23.3,0.987,"protein-coding gene","HGNC:5213","HSD17B4","601860",1,"","",0,"1,在所有人群中, 等位基因的频率都小于0.001或者不存在: AF_POPMAX_KG=0|AF_POPMAX_ExAC=0|AF_POPMAX_ESP=0","0","0","0","0","0","0","0","0","1,HSD17B4基因的错义突变通常会导致疾病","0",4,"0","0",4,"0",3,FALSE,"Uncertain significance","PP2,PM2","0/1","0/1:9,13::99",0.00782730896025896,1,0.00782730896025896
"10",286,"1","226108216",".","G","T","1537.8","PASS",NA,NA,"5.72","4.79",NA,NA,"0.414833","||||||||||D|P|N|N|L|T|19.38|0.986",NA,"0.013","0.015","0.000000",NA,"0.021839931663","2.865000",NA,"T|missense_variant|MODERATE|PYCR2|29920|Transcript|NM_013328.3|protein_coding|7/7||NM_013328.3:c.902C>A|NP_037460.2:p.Thr301Asn|1132|902|301|T/N|aCc/aAc|||-1||||NP_037460.2|||||||","T","missense_variant","MODERATE","29920","Transcript","NM_013328.3","protein_coding","7/7","","NM_013328.3:c.902C>A","NP_037460.2:p.Thr301Asn","1132","902","301","T/N","aCc/aAc","","","-1","","NP_037460.2","","","","","","",NA,"",0,0,0,0,0,"",NA,NA,NA,"D","P","N","N","L","T",19.38,0.986,"protein-coding gene","HGNC:30262","PYCR2","616406",1,"","",0,"1,在所有人群中, 等位基因的频率都小于0.001或者不存在: AF_POPMAX_KG=0|AF_POPMAX_ExAC=0|AF_POPMAX_ESP=0","0","0","0","0","0","0","0","0","0","0",3,"0","0",4,"0",2,FALSE,"Uncertain significance","PM2","0/1","0/1:64,66::99",0.00629350962117314,1,0.00629350962117314
"11",779,"13","73312140",".","A","T","886.8","PASS",NA,NA,"5.91","4.73",NA,NA,"0.001440","||||||||||D|D|N|D|L|T|24.8|0.983",NA,"0.996","0.9","0.010000",NA,"0.020230351364","1.062000",NA,"T|missense_variant|MODERATE|BORA|79866|Transcript|NM_024808.2|protein_coding|5/12||NM_024808.2:c.347A>T|NP_079084.2:p.Asp116Val|466|347|116|D/V|gAt/gTt|||1||||NP_079084.2|||||||","T","missense_variant","MODERATE","79866","Transcript","NM_024808.2","protein_coding","5/12","","NM_024808.2:c.347A>T","NP_079084.2:p.Asp116Val","466","347","116","D/V","gAt/gTt","","","1","","NP_079084.2","","","","","","",NA,"",0,0,0,0,0,"",NA,NA,NA,"D","D","N","D","L","T",24.8,0.983,"protein-coding gene","HGNC:24724","BORA","610510",1,"","",0,"1,在所有人群中, 等位基因的频率都小于0.001或者不存在: AF_POPMAX_KG=0|AF_POPMAX_ExAC=0|AF_POPMAX_ESP=0","0","0","0","0","0","0","0","0","0","0",5,"0","0",3,"0",2,FALSE,"Uncertain significance","PM2","0/1","0/1:35,41::99",0.00582987582311034,1,0.00582987582311034
"12",49,"1","22215198",".","T","TG","943.7","PASS","0","0.00011481",NA,NA,NA,"0",NA,"rs768897531|||0.00027|0|7|0.00000|||||||||||",NA,NA,NA,NA,NA,NA,NA,NA,"G|frameshift_variant|HIGH|HSPG2|3339|Transcript|XM_005245859.1|protein_coding|7/102||XM_005245859.1:c.587dupC|XP_005245916.1:p.Pro197ThrfsTer32|594-595|587-588|196|P/PX|cca/ccCa|||-1||||XP_005245916.1||||HC|||POSITION:0.042994213725921","G","frameshift_variant","HIGH","3339","Transcript","XM_005245859.1","protein_coding","7/102","","XM_005245859.1:c.587dupC","XP_005245916.1:p.Pro197ThrfsTer32","594-595","587-588","196","P/PX","cca/ccCa","","","-1","","XP_005245916.1","","","","HC","","","POSITION:0.042994213725921","rs768897531",0,0,0.00027,0,7,"0.00000",NA,NA,NA,"","","","","","",NA,NA,"protein-coding gene","HGNC:5273","HSPG2","142461",3,"","",0.00027,"1,在所有人群中, 等位基因的频率都小于0.001或者不存在: AF_POPMAX_KG=0|AF_POPMAX_ExAC=0.00027|AF_POPMAX_ESP=0","0","0","0","1,存在缺失功能(Loss of Function, LoF)变异, 且已知该基因的LoF突变致病.","0","0","0","0","0","0",0,"0","0",0,"0",8,FALSE,"Likely Pathogenic","PVS1,PM2","0/1","0/1:54,42::99",0.00526213506236672,1,0.00526213506236672
"13",706,"12","104378700",".","T","A","59.8","my_snp_filter","0","0",NA,NA,NA,"0",NA,"|||||||1|0.93|||||D|||25.8|0.993",NA,NA,NA,NA,"RF,AC0",NA,NA,NA,"A|splice_donor_variant|HIGH|TDG|6996|Transcript|NM_003211.4|protein_coding||8/9|NM_003211.4:c.964+2T>A|||||||||1||||NP_003202.3||||HC|||INTRON_SIZE:682","A","splice_donor_variant","HIGH","6996","Transcript","NM_003211.4","protein_coding","","8/9","NM_003211.4:c.964+2T>A","","","","","","","","","1","","NP_003202.3","","","","HC","","","INTRON_SIZE:682","",0,0,0,0,0,"",1,0.93,NA,"","","","D","","",25.8,0.993,"protein-coding gene","HGNC:11700","TDG","601423",1,"","",0,"1,在所有人群中, 等位基因的频率都小于0.001或者不存在: AF_POPMAX_KG=0|AF_POPMAX_ExAC=0|AF_POPMAX_ESP=0","0","0","0","0","0","0","0","1,可能通过影响剪切的变异:","0","0",3,"0","0",0,"0",4,FALSE,"Uncertain significance","PM4,PM2","0/1","0/1:67,1::88",0.00509952288120985,1,0.00509952288120985
"14",2645,"7","141296423",".","A","G","469.8","PASS",NA,NA,"6.03","6.03",NA,NA,"0.000000","rs565745559|0.0014||0.00012|0|3|0.00012||||D|D|D|D|M|T|26.7|0.999","0.999949","1.0","1.0","0.000000",NA,"0.0491845333518","2.302000",NA,"G|missense_variant|MODERATE|AGK|55750|Transcript|NM_018238.3|protein_coding|4/16||NM_018238.3:c.203A>G|NP_060708.1:p.Asn68Ser|374|203|68|N/S|aAt/aGt|||1||||NP_060708.1|||||||","G","missense_variant","MODERATE","55750","Transcript","NM_018238.3","protein_coding","4/16","","NM_018238.3:c.203A>G","NP_060708.1:p.Asn68Ser","374","203","68","N/S","aAt/aGt","","","1","","NP_060708.1","","","","","","",NA,"rs565745559",0.0014,0,0.00012,0,3,"0.00012",NA,NA,NA,"D","D","D","D","M","T",26.7,0.999,"protein-coding gene","HGNC:21869","AGK","610345",1,"","",0.0014,"0","0","0","0","0","0","0","0","0","0","1,>=6/8方法预测为致病变异 SIFT_pred=D|Polyphen2_HDIV_pred=D|LRT_pred=D|MutationTaster_pred=D|MutationAssessor_pred=M|FATHMM_pred=T|CADD_phred=26.7|DANN_score=0.999",7,"0","0",1,"0",1,FALSE,"Uncertain significance","PP3","0/1","0/1:50,22::99",0.00431270524859428,1,0.00431270524859428
"15",1734,"2","157184963",".","T","A","2185.8","PASS",NA,NA,"6.07","6.07",NA,NA,"0.000000","||||||||||D|D|D|D|H|D|27.0|0.995","0.999997","1.0","1.0","0.000000",NA,"0.693748392651","2.326000",NA,"A|missense_variant|MODERATE|NR4A2|4929|Transcript|NM_006186.3|protein_coding|4/8||NM_006186.3:c.947A>T|NP_006177.1:p.Gln316Leu|1369|947|316|Q/L|cAg/cTg|||-1||||NP_006177.1|||||||","A","missense_variant","MODERATE","4929","Transcript","NM_006186.3","protein_coding","4/8","","NM_006186.3:c.947A>T","NP_006177.1:p.Gln316Leu","1369","947","316","Q/L","cAg/cTg","","","-1","","NP_006177.1","","","","","","",NA,"",0,0,0,0,0,"",NA,NA,NA,"D","D","D","D","H","D",27,0.995,"protein-coding gene","HGNC:7981","NR4A2","601828",1,"","",0,"1,在所有人群中, 等位基因的频率都小于0.001或者不存在: AF_POPMAX_KG=0|AF_POPMAX_ExAC=0|AF_POPMAX_ESP=0","0","0","0","0","0","0","0","0","0","1,>=6/8方法预测为致病变异 SIFT_pred=D|Polyphen2_HDIV_pred=D|LRT_pred=D|MutationTaster_pred=D|MutationAssessor_pred=H|FATHMM_pred=D|CADD_phred=27|DANN_score=0.995",8,"0","0",0,"0",3,FALSE,"Uncertain significance","PP3,PM2","0/1","0/1:73,86::99",0.00382021139375865,1,0.00382021139375865
"16",2146,"4","15599054",".","TCAGA","T","688.7","PASS",NA,NA,NA,NA,NA,NA,NA,"rs797045437|||||||||||||||||",NA,NA,NA,NA,NA,NA,NA,NA,"-|frameshift_variant|HIGH|CC2D2A|57545|Transcript|NM_001080522.2|protein_coding|36/38||NM_001080522.2:c.4465_4468delGACA|NP_001073991.2:p.Asp1489LysfsTer15|4708-4711|4463-4466|1488-1489|SD/X|tCAGAc/tc|||1||||NP_001073991.2|||2|HC|||POSITION:0.918363150318733","-","frameshift_variant","HIGH","57545","Transcript","NM_001080522.2","protein_coding","36/38","","NM_001080522.2:c.4465_4468delGACA","NP_001073991.2:p.Asp1489LysfsTer15","4708-4711","4463-4466","1488-1489","SD/X","tCAGAc/tc","","","1","","NP_001073991.2","","","2","HC","","","POSITION:0.918363150318733","rs797045437",0,0,0,0,0,"",NA,NA,NA,"","","","","","",NA,NA,"protein-coding gene","HGNC:29253","CC2D2A","612013",1,"RCV000193046","25741868",0,"1,在所有人群中, 等位基因的频率都小于0.001或者不存在: AF_POPMAX_KG=0|AF_POPMAX_ExAC=0|AF_POPMAX_ESP=0","0","0","0","1,存在缺失功能(Loss of Function, LoF)变异, 且已知该基因的LoF突变致病.","0","0","0","0","0","0",0,"0","0",0,"0",8,FALSE,"Likely Pathogenic","PVS1,PM2","0/1","0/1:31,20::99",0.00351211754605174,1,0.00351211754605174
"17",997,"15","90185548",".","ACTCAGCTCGGCCCGCAC","A","763.7","PASS",NA,NA,NA,NA,NA,NA,NA,NA,NA,NA,NA,NA,NA,NA,NA,NA,"-|frameshift_variant|HIGH|KIF7|374654|Transcript|NM_198525.2|protein_coding|11/19||NM_198525.2:c.2263_2279delGTGCGGGCCGAGCTGAG|NP_940927.2:p.Val755Ter|2340-2356|2263-2279|755-760|VRAELS/X|GTGCGGGCCGAGCTGAGt/t|||-1||||NP_940927.2||||HC|||POSITION:0.565228174603175","-","frameshift_variant","HIGH","374654","Transcript","NM_198525.2","protein_coding","11/19","","NM_198525.2:c.2263_2279delGTGCGGGCCGAGCTGAG","NP_940927.2:p.Val755Ter","2340-2356","2263-2279","755-760","VRAELS/X","GTGCGGGCCGAGCTGAGt/t","","","-1","","NP_940927.2","","","","HC","","","POSITION:0.565228174603175",NA,0,0,0,0,0,NA,NA,NA,NA,NA,NA,NA,NA,NA,NA,NA,NA,"protein-coding gene","HGNC:30497","KIF7","611254",1,"","",0,"1,在所有人群中, 等位基因的频率都小于0.001或者不存在: AF_POPMAX_KG=0|AF_POPMAX_ExAC=0|AF_POPMAX_ESP=0","0","0","0","1,存在缺失功能(Loss of Function, LoF)变异, 且已知该基因的LoF突变致病.","0","0","0","0","0","0",0,"0","0",0,"0",8,FALSE,"Likely Pathogenic","PVS1,PM2","0/1","0/1:97,26::99",0.00293449847958982,1,0.00293449847958982
"18",153,"1","109440678",".","CAGA","C","1274.7","PASS","0","0.0027504",NA,NA,NA,"0",NA,"rs145997327||0.00117|0.00163|0|18|0.00000|||||||||||",NA,NA,NA,NA,NA,NA,NA,NA,"-|inframe_deletion|MODERATE|GPSM2|29899|Transcript|NM_013296.4|protein_coding|5/15||NM_013296.4:c.518_520delAAG|NP_037428.3:p.Glu173del|1009-1011|513-515|171-172|PE/P|ccAGAa/cca|||1||||NP_037428.3|||5||||","-","inframe_deletion","MODERATE","29899","Transcript","NM_013296.4","protein_coding","5/15","","NM_013296.4:c.518_520delAAG","NP_037428.3:p.Glu173del","1009-1011","513-515","171-172","PE/P","ccAGAa/cca","","","1","","NP_037428.3","","","5","","","",NA,"rs145997327",0,0.00117,0.00163,0,18,"0.00000",NA,NA,NA,"","","","","","",NA,NA,"protein-coding gene","HGNC:29501","GPSM2","609245",1,"","",0.00163,"0","0","0","0","0","0","0","0","1,该变异影响蛋白长度","0","0",0,"0","0",0,"0",2,FALSE,"Uncertain significance","PM4","0/1","0/1:38,35::99",0.00241488008759916,1,0.00241488008759916
"19",1056,"16","23503029",".","A","C","699.8","PASS",NA,NA,"5.48","2.13",NA,NA,"0.000000","||||||||||D|D|D|D|M|T|23.7|0.995","0.972663","1.0","1.0","0.000000",NA,"0.0639680127029","0.697000",NA,"C|missense_variant|MODERATE|GGA2|23062|Transcript|NM_015044.4|protein_coding|5/17||NM_015044.4:c.444T>G|NP_055859.1:p.Ile148Met|527|444|148|I/M|atT/atG|||-1||||NP_055859.1|||||||","C","missense_variant","MODERATE","23062","Transcript","NM_015044.4","protein_coding","5/17","","NM_015044.4:c.444T>G","NP_055859.1:p.Ile148Met","527","444","148","I/M","atT/atG","","","-1","","NP_055859.1","","","","","","",NA,"",0,0,0,0,0,"",NA,NA,NA,"D","D","D","D","M","T",23.7,0.995,"protein-coding gene","HGNC:16064","GGA2","606005",1,"","",0,"1,在所有人群中, 等位基因的频率都小于0.001或者不存在: AF_POPMAX_KG=0|AF_POPMAX_ExAC=0|AF_POPMAX_ESP=0","0","0","0","0","0","0","0","0","0","1,>=6/8方法预测为致病变异 SIFT_pred=D|Polyphen2_HDIV_pred=D|LRT_pred=D|MutationTaster_pred=D|MutationAssessor_pred=M|FATHMM_pred=T|CADD_phred=23.7|DANN_score=0.995",7,"0","0",1,"0",3,FALSE,"Uncertain significance","PP3,PM2","0/1","0/1:32,31::99",0.00207699276506901,1,0.00207699276506901
"20",1842,"20","32883322",".","A","G","1880.8","PASS","0.0012346","0.0012346","4.96","4.96",NA,"0","0.000000","rs764477494|||0.00082|0|7|0.00082||||D|B|D|D|M|T|22.4|0.975","0.999975","0.01","0.104","0.020000",NA,"0.102430021323","1.983000",NA,"G|missense_variant|MODERATE|AHCY|191|Transcript|NM_000687.2|protein_coding|2/10||NM_000687.2:c.98T>C|NP_000678.1:p.Met33Thr|237|98|33|M/T|aTg/aCg|||-1||||NP_000678.1|||||||","G","missense_variant","MODERATE","191","Transcript","NM_000687.2","protein_coding","2/10","","NM_000687.2:c.98T>C","NP_000678.1:p.Met33Thr","237","98","33","M/T","aTg/aCg","","","-1","","NP_000678.1","","","","","","",NA,"rs764477494",0,0,0.00082,0,7,"0.00082",NA,NA,NA,"D","B","D","D","M","T",22.4,0.975,"protein-coding gene","HGNC:343","AHCY","180960",1,"","",0.00082,"1,在所有人群中, 等位基因的频率都小于0.001或者不存在: AF_POPMAX_KG=0|AF_POPMAX_ExAC=0.00082|AF_POPMAX_ESP=0","0","0","0","0","0","0","0","0","0","1,>=6/8方法预测为致病变异 SIFT_pred=D|Polyphen2_HDIV_pred=B|LRT_pred=D|MutationTaster_pred=D|MutationAssessor_pred=M|FATHMM_pred=T|CADD_phred=22.4|DANN_score=0.975",6,"0","0",2,"0",3,FALSE,"Uncertain significance","PP3,PM2","0/1","0/1:81,81::99",0.00191602401901037,1,0.00191602401901037
"21",824,"14","24899939",".","G","A","1313.8","PASS",NA,NA,"5.08","5.08",NA,NA,"0.020972","||||||||||D|P|N|D||T|28.2|0.997","1.000000","0.895","0.452","0.000000",NA,"0.315119434765","2.370000",NA,"A|start_lost|HIGH|KHNYN|23351|Transcript|NM_015299.2|protein_coding|2/8||NM_015299.2:c.3G>A|NP_056114.1:p.Met1?|205|3|1|M/I|atG/atA|||1||||NP_056114.1|||||||","A","start_lost","HIGH","23351","Transcript","NM_015299.2","protein_coding","2/8","","NM_015299.2:c.3G>A","NP_056114.1:p.Met1?","205","3","1","M/I","atG/atA","","","1","","NP_056114.1","","","","","","",NA,"",0,0,0,0,0,"",NA,NA,NA,"D","P","N","D","","T",28.2,0.997,"protein-coding gene","HGNC:20166","KHNYN",NA,1,"","",0,"1,在所有人群中, 等位基因的频率都小于0.001或者不存在: AF_POPMAX_KG=0|AF_POPMAX_ExAC=0|AF_POPMAX_ESP=0","0","0","0","0","0","0","0","0","0","0",5,"0","0",2,"0",2,FALSE,"Uncertain significance","PM2","0/1","0/1:64,51::99",0.00187072320841253,1,0.00187072320841253
"22",106,"1","44086662",".","A","T","19.8","LowQual;my_snp_filter",NA,NA,"5.13","5.13",NA,NA,NA,"|||||||1|0.994||T|D||D|H|T|27.3|0.990","1.000000","1.0","0.976","0.070000",NA,"0.0299984877612","2.239000",NA,"T|missense_variant&splice_region_variant|MODERATE|PTPRF|5792|Transcript|NM_130440.2|protein_coding|31/33||NM_130440.2:c.5491A>T|NP_569707.2:p.Ser1831Cys|5831|5491|1831|S/C|Agt/Tgt|||1||||NP_569707.2|||||||","T","missense_variant&splice_region_variant","MODERATE","5792","Transcript","NM_130440.2","protein_coding","31/33","","NM_130440.2:c.5491A>T","NP_569707.2:p.Ser1831Cys","5831","5491","1831","S/C","Agt/Tgt","","","1","","NP_569707.2","","","","","","",NA,"",0,0,0,0,0,"",1,0.994,NA,"T","D","","D","H","T",27.3,0.99,"protein-coding gene","HGNC:9670","PTPRF","179590",1,"","",0,"1,在所有人群中, 等位基因的频率都小于0.001或者不存在: AF_POPMAX_KG=0|AF_POPMAX_ExAC=0|AF_POPMAX_ESP=0","0","0","0","0","0","0","0","1,可能通过影响剪切的变异:","0","0",5,"0","0",2,"0",4,FALSE,"Uncertain significance","PM4,PM2","0/1","0/1:134,30::48",0.00186941481661052,1,0.00186941481661052
"23",1948,"22","43435784",".","A","G","1612.8","PASS","0.0043317","0.0043317","5.47","4.44",NA,"0",NA,"rs530427070|0.001||0.00279|0|24|0.00279|||||||N|||23.0|0.813","0.000000",NA,NA,NA,NA,NA,"0.928000",NA,"G|stop_lost|HIGH|TTLL1|25809|Transcript|NM_012263.4|protein_coding|11/11||NM_012263.4:c.1270T>C|NP_036395.1:p.Ter424ArgextTer17|1511|1270|424|*/R|Tga/Cga|||-1||||NP_036395.1|||||||","G","stop_lost","HIGH","25809","Transcript","NM_012263.4","protein_coding","11/11","","NM_012263.4:c.1270T>C","NP_036395.1:p.Ter424ArgextTer17","1511","1270","424","*/R","Tga/Cga","","","-1","","NP_036395.1","","","","","","",NA,"rs530427070",0.001,0,0.00279,0,24,"0.00279",NA,NA,NA,"","","","N","","",23,0.813,"protein-coding gene","HGNC:1312","TTLL1","608955",1,"","",0.00279,"0","0","0","0","0","0","0","0","1,该变异影响蛋白长度","0","0",2,"0","0",1,"0",2,FALSE,"Uncertain significance","PM4","0/1","0/1:53,64::99",0.00160233152564615,1,0.00160233152564615
"24",783,"13","98086943",".","G","T","4148.8","PASS",NA,NA,"3.19","2.34",NA,NA,"0.000000","||||||||||D|B|D|D|M|T|24.0|0.998","0.999999","0.09","0.097","0.000000",NA,"0.162275690982","0.702000",NA,"T|missense_variant|MODERATE|RAP2A|5911|Transcript|NM_021033.6|protein_coding|1/2||NM_021033.6:c.219G>T|NP_066361.1:p.Lys73Asn|469|219|73|K/N|aaG/aaT|||1||||NP_066361.1|||||||","T","missense_variant","MODERATE","5911","Transcript","NM_021033.6","protein_coding","1/2","","NM_021033.6:c.219G>T","NP_066361.1:p.Lys73Asn","469","219","73","K/N","aaG/aaT","","","1","","NP_066361.1","","","","","","",NA,"",0,0,0,0,0,"",NA,NA,NA,"D","B","D","D","M","T",24,0.998,"protein-coding gene","HGNC:9861","RAP2A","179540",1,"","",0,"1,在所有人群中, 等位基因的频率都小于0.001或者不存在: AF_POPMAX_KG=0|AF_POPMAX_ExAC=0|AF_POPMAX_ESP=0","0","0","0","0","0","0","0","0","0","1,>=6/8方法预测为致病变异 SIFT_pred=D|Polyphen2_HDIV_pred=B|LRT_pred=D|MutationTaster_pred=D|MutationAssessor_pred=M|FATHMM_pred=T|CADD_phred=24|DANN_score=0.998",6,"0","0",2,"0",3,FALSE,"Uncertain significance","PP3,PM2","0/1","0/1:138,174::99",0.00138106464873999,1,0.00138106464873999
"25",2423,"6","33388070",".","G","C","459.8","PASS","0","0.00011526","3.66","2.79",NA,"0",NA,"||||||||||D|B||N|N|T|9.700|0.879","0.270907","0.233","0.026","0.000000",NA,"0.107440930354","0.898000",NA,"C|missense_variant|MODERATE|SYNGAP1|8831|Transcript|NM_006772.2|protein_coding|1/19||NM_006772.2:c.29G>C|NP_006763.2:p.Arg10Pro|224|29|10|R/P|cGg/cCg|||1||||NP_006763.2|||||||","C","missense_variant","MODERATE","8831","Transcript","NM_006772.2","protein_coding","1/19","","NM_006772.2:c.29G>C","NP_006763.2:p.Arg10Pro","224","29","10","R/P","cGg/cCg","","","1","","NP_006763.2","","","","","","",NA,"",0,0,0,0,0,"",NA,NA,NA,"D","B","","N","N","T",9.7,0.879,"protein-coding gene","HGNC:11497","SYNGAP1","603384",1,"","",0,"1,在所有人群中, 等位基因的频率都小于0.001或者不存在: AF_POPMAX_KG=0|AF_POPMAX_ExAC=0|AF_POPMAX_ESP=0","0","0","0","0","0","0","0","0","0","0",2,"0","0",5,"0",2,FALSE,"Uncertain significance","PM2","0/1","0/1:24,24::99",0.00130609422922134,1,0.00130609422922134
"26",232,"1","182369162",".","CAT","C","2385.7","PASS",NA,NA,NA,NA,NA,NA,NA,NA,NA,NA,NA,NA,NA,NA,NA,NA,"-|frameshift_variant|HIGH|TEDDM1|127670|Transcript|NM_172000.3|protein_coding|1/1||NM_172000.3:c.457_458delAT|NP_741997.3:p.Met153ValfsTer38|588-589|457-458|153|M/X|ATg/g|||-1||||NP_741997.3||||HC||SINGLE_EXON|POSITION:0.557177615571776","-","frameshift_variant","HIGH","127670","Transcript","NM_172000.3","protein_coding","1/1","","NM_172000.3:c.457_458delAT","NP_741997.3:p.Met153ValfsTer38","588-589","457-458","153","M/X","ATg/g","","","-1","","NP_741997.3","","","","HC","","SINGLE_EXON","POSITION:0.557177615571776",NA,0,0,0,0,0,NA,NA,NA,NA,NA,NA,NA,NA,NA,NA,NA,NA,"protein-coding gene","HGNC:30233","TEDDM1",NA,1,"","",0,"1,在所有人群中, 等位基因的频率都小于0.001或者不存在: AF_POPMAX_KG=0|AF_POPMAX_ExAC=0|AF_POPMAX_ESP=0","0","0","0","0","0","0","0","1,存在缺失功能(Loss of Function, LoF)变异, 但未见有报道该基因的LoF会导致疾病, 故仅当成影响基因长度处理.","0","0",0,"0","0",0,"0",4,FALSE,"Uncertain significance","PM4,PM2","0/1","0/1:46,61::99",0.00122942635789514,1,0.00122942635789514
"27",99,"1","41300689",".","C","T","1270.8","PASS",NA,NA,"5.12","5.12",NA,NA,"0.000000","rs764622728|||0.00010|0|2|0.00000||||D|D|D|D|M|D|34|0.999","0.999834","1.0","1.0","0.000000",NA,"0.751631158042","2.556000",NA,"T|missense_variant|MODERATE|KCNQ4|9132|Transcript|NM_004700.3|protein_coding|12/14||NM_004700.3:c.1664C>T|NP_004691.2:p.Pro555Leu|1746|1664|555|P/L|cCg/cTg|||1||||NP_004691.2|||||||","T","missense_variant","MODERATE","9132","Transcript","NM_004700.3","protein_coding","12/14","","NM_004700.3:c.1664C>T","NP_004691.2:p.Pro555Leu","1746","1664","555","P/L","cCg/cTg","","","1","","NP_004691.2","","","","","","",NA,"rs764622728",0,0,1e-04,0,2,"0.00000",NA,NA,NA,"D","D","D","D","M","D",34,0.999,"protein-coding gene","HGNC:6298","KCNQ4","603537",1,"","",1e-04,"1,在所有人群中, 等位基因的频率都小于0.001或者不存在: AF_POPMAX_KG=0|AF_POPMAX_ExAC=1e-04|AF_POPMAX_ESP=0","0","0","0","0","0","0","0","0","1,KCNQ4基因的错义突变通常会导致疾病","1,>=6/8方法预测为致病变异 SIFT_pred=D|Polyphen2_HDIV_pred=D|LRT_pred=D|MutationTaster_pred=D|MutationAssessor_pred=M|FATHMM_pred=D|CADD_phred=34|DANN_score=0.999",8,"0","0",0,"0",4,FALSE,"Uncertain significance","PP3,PP2,PM2","0/1","0/1:62,55::99",0.00122401467524469,1,0.00122401467524469
"28",164,"1","118488728",".","C","T","1092.8","PASS","0.0030826","0.0030826","5.61","5.61",NA,"0","0.000001","rs748137264|||0.00046|0|5|0.00046||||D|D|D|D|M|T|35|0.999","0.999997","1.0","0.968","0.010000",NA,"0.0663801998694","2.802000",NA,"T|missense_variant|MODERATE|WDR3|10885|Transcript|NM_006784.2|protein_coding|12/27||NM_006784.2:c.1348C>T|NP_006775.1:p.Arg450Cys|1414|1348|450|R/C|Cgc/Tgc|||1||||NP_006775.1|||||||","T","missense_variant","MODERATE","10885","Transcript","NM_006784.2","protein_coding","12/27","","NM_006784.2:c.1348C>T","NP_006775.1:p.Arg450Cys","1414","1348","450","R/C","Cgc/Tgc","","","1","","NP_006775.1","","","","","","",NA,"rs748137264",0,0,0.00046,0,5,"0.00046",NA,NA,NA,"D","D","D","D","M","T",35,0.999,"protein-coding gene","HGNC:12755","WDR3","604737",1,"","",0.00046,"1,在所有人群中, 等位基因的频率都小于0.001或者不存在: AF_POPMAX_KG=0|AF_POPMAX_ExAC=0.00046|AF_POPMAX_ESP=0","0","0","0","0","0","0","0","0","0","1,>=6/8方法预测为致病变异 SIFT_pred=D|Polyphen2_HDIV_pred=D|LRT_pred=D|MutationTaster_pred=D|MutationAssessor_pred=M|FATHMM_pred=T|CADD_phred=35|DANN_score=0.999",7,"0","0",1,"0",3,FALSE,"Uncertain significance","PP3,PM2","0/1","0/1:38,46::99",0.00113751296885312,1,0.00113751296885312
"29",522,"11","67191504",".","A","G","1946.8","PASS",NA,NA,"5.07","5.07",NA,NA,"0.001240","||||||||||D|D|N|D|M|D|26.8|0.999","0.872012","1.0","0.999","0.010000",NA,"0.91091774704","1.915000",NA,"G|missense_variant|MODERATE|CARNS1|57571|Transcript|NM_001166222.1|protein_coding|10/10||NM_001166222.1:c.2285A>G|NP_001159694.1:p.Glu762Gly|2395|2285|762|E/G|gAg/gGg|||1||||NP_001159694.1|||||||","G","missense_variant","MODERATE","57571","Transcript","NM_001166222.1","protein_coding","10/10","","NM_001166222.1:c.2285A>G","NP_001159694.1:p.Glu762Gly","2395","2285","762","E/G","gAg/gGg","","","1","","NP_001159694.1","","","","","","",NA,"",0,0,0,0,0,"",NA,NA,NA,"D","D","N","D","M","D",26.8,0.999,"protein-coding gene","HGNC:29268","CARNS1","613368",1,"","",0,"1,在所有人群中, 等位基因的频率都小于0.001或者不存在: AF_POPMAX_KG=0|AF_POPMAX_ExAC=0|AF_POPMAX_ESP=0","0","0","0","0","0","0","0","0","0","1,>=6/8方法预测为致病变异 SIFT_pred=D|Polyphen2_HDIV_pred=D|LRT_pred=N|MutationTaster_pred=D|MutationAssessor_pred=M|FATHMM_pred=D|CADD_phred=26.8|DANN_score=0.999",7,"0","0",1,"0",3,FALSE,"Uncertain significance","PP3,PM2","0/1","0/1:91,80::99",0.00108793238177896,1,0.00108793238177896
"30",458,"11","14907321",".","C","T","829.8","PASS",NA,NA,NA,NA,NA,NA,NA,"rs202011621|0.001||0.00023|0|2|0.00023|1|0.938|||||D|||28.6|0.995",NA,NA,NA,NA,NA,NA,NA,NA,"T|splice_donor_variant|HIGH|CYP2R1|120227|Transcript|NM_024514.4|protein_coding||2/4|NM_024514.4:c.367+1G>A|||||||||-1||||NP_078790.2||||HC|||INTRON_SIZE:5007","T","splice_donor_variant","HIGH","120227","Transcript","NM_024514.4","protein_coding","","2/4","NM_024514.4:c.367+1G>A","","","","","","","","","-1","","NP_078790.2","","","","HC","","","INTRON_SIZE:5007","rs202011621",0.001,0,0.00023,0,2,"0.00023",1,0.938,NA,"","","","D","","",28.6,0.995,"protein-coding gene","HGNC:20580","CYP2R1","608713",1,"","",0.001,"0","0","0","0","0","0","0","0","1,可能通过影响剪切的变异:","0","0",3,"0","0",0,"0",2,FALSE,"Uncertain significance","PM4","0/1","0/1:34,33::99",0.00104016344994307,1,0.00104016344994307
