CHROM,POS,REF,ALT,QUAL,FILTER,GENOTYPE,COVERAGE,FUNCTIONAL_CLASS,HGVS,EXOMISER_GENE,CADD(>0.483),POLYPHEN(>0.956|>0.446),MUTATIONTASTER(>0.94),SIFT(<0.06),REMM,DBSNP_ID,MAX_FREQUENCY,DBSNP_FREQUENCY,EVS_EA_FREQUENCY,EVS_AA_FREQUENCY,EXAC_AFR_FREQ,EXAC_AMR_FREQ,EXAC_EAS_FREQ,EXAC_FIN_FREQ,EXAC_NFE_FREQ,EXAC_SAS_FREQ,EXAC_OTH_FREQ,EXOMISER_VARIANT_SCORE,EXOMISER_GENE_PHENO_SCORE,EXOMISER_GENE_VARIANT_SCORE,EXOMISER_GENE_COMBINED_SCORE,CONTRIBUTING_VARIANT
4,1806119,G,A,1925.8,PASS,0/1,152,missense_variant,FGFR3:ENST00000260795.2:c.1138G>A:p.(Gly380Arg),FGFR3,.,0.819,1.0,0.986,.,rs28931614,0.0007963811999999999,.,.,.,.,.,.,.,.,.,.,1.0,1.0,1.0,0.9978676999999999,CONTRIBUTING_VARIANT
3,58135897,C,T,1445.8,PASS,0/1,139,missense_variant,FLNB:ENST00000295956.4:c.6310C>T:p.(Arg2104Trp),FLNB,.,0.975,1.0,0.999,.,rs751795794,0.052179962,.,.,.,.,.,0.046242774,.,0.001499925,.,.,0.99275094,1.0,0.99275094,0.99780375,CONTRIBUTING_VARIANT
17,29587453,A,G,516.8,PASS,0/1,75,missense_variant,NF1:ENST00000356175.3:c.4434A>G:p.(Ile1478Met),NF1,.,0.977,0.999995,0.86,.,.,0.0,.,.,.,.,.,.,.,.,.,.,0.9999950000000001,0.6626618000000001,0.9999950000000001,0.84413934,CONTRIBUTING_VARIANT
2,240111764,G,A,708.8,PASS,0/1,75,missense_variant,HDAC4:ENST00000345617.3:c.104C>T:p.(Ala35Val),HDAC4,.,0.001,.,0.967,.,.,0.0,.,.,.,.,.,.,.,.,.,.,0.9670000000000001,0.5150951,0.9670000000000001,0.4022563,CONTRIBUTING_VARIANT
15,37186920,C,T,283.8,PASS,0/1,62,splice_region_variant,MEIS2:ENST00000219869.9:c.*35G>A:p.(=),MEIS2,.,.,.,.,.,.,0.0,.,.,.,.,.,.,.,.,.,.,0.8,0.5150951,0.8,0.2537812,CONTRIBUTING_VARIANT
16,226761,G,A,21.8,PASS,0/1,81,missense_variant,HBA1:ENST00000320868.5:c.46G>A:p.(Gly16Ser),HBA1,.,.,1.0,0.71599996,.,rs35816645,0.062189054,.,.,.,.,.,.,.,.,.,.,0.9913166999999999,0.41889012,0.9913166999999999,0.17244893,CONTRIBUTING_VARIANT
2,121747840,G,T,1062.8,PASS,0/1,110,missense_variant,GLI2:ENST00000361492.4:c.4350G>T:p.(Gln1450His),GLI2,.,0.972,1.0,0.999,.,rs201523549,0.08126306,0.03994,.,.,.,.,0.08126306,.,.,.,.,0.9885434000000001,0.41889012,0.9885434000000001,0.17083752,CONTRIBUTING_VARIANT
2,179401293,C,T,695.8,PASS,0/1,73,missense_variant,TTN:ENST00000342175.6:c.73562G>A:p.(Gly24521Asp),TTN,.,0.447,0.944416,0.986,.,rs770179598,0.0625,.,.,.,.,.,0.03632841,.,.,.,.,0.9773940999999999,0.41889012,0.9773940999999999,0.16447982,CONTRIBUTING_VARIANT
15,28436178,A,G,944.8,PASS,0/1,67,missense_variant,HERC2:ENST00000261609.7:c.8582T>C:p.(Ile2861Thr),HERC2,.,0.202,1.0,0.589,.,rs767335178,0.03466605,.,.,.,.,.,0.03466605,.,.,.,.,0.9952263000000001,0.33133090000000004,0.9952263000000001,0.06239868,CONTRIBUTING_VARIANT
6,152472791,G,A,1402.8,PASS,0/1,123,missense_variant,SYNE1:ENST00000265368.4:c.24347C>T:p.(Ala8116Val),SYNE1,.,0.934,1.0,0.945,.,rs781159250,0.06165228,.,.,.,.,.,0.035310734,.,0.0030536216,.,.,0.991394,0.33244288,0.991394,0.062342367999999995,CONTRIBUTING_VARIANT
6,32549613,G,A,118.8,PASS,0/1,39,stop_gained,HLA-DRB1:ENST00000360004.5:c.373C>T:p.(Gln125*),HLA-DRB1,.,.,1.0,.,.,rs17882084,0.07299270000000001,.,.,.,.,.,.,.,.,.,.,0.9897524,0.33244288,0.9897524,0.061951365,CONTRIBUTING_VARIANT
11,71942543,T,C,628.8,PASS,0/1,55,missense_variant,INPPL1:ENST00000298229.2:c.1499T>C:p.(Ile500Thr),INPPL1,.,0.891,1.0,0.998,.,rs1322818679,0.0057977736,.,.,.,.,.,.,.,.,.,.,0.99921304,0.32004324,0.99921304,0.055060282,CONTRIBUTING_VARIANT
19,18979593,C,T,653.8,PASS,0/1,50,missense_variant,GDF1:ENST00000247005.6:c.932G>A:p.(Gly311Glu),GDF1,.,.,.,0.79,.,rs1354366394,0.016020507,.,.,.,.,.,.,.,.,.,.,0.7882734,0.3841522,0.7882734,0.054304245999999994,CONTRIBUTING_VARIANT
18,31241685,A,G,918.8,PASS,0/1,81,missense_variant,ASXL3:ENST00000269197.5:c.461A>G:p.(Lys154Arg),ASXL3,.,0.994,0.951326,0.977,.,rs571504715,0.0065832784999999994,.,.,.,.,.,.,.,.,0.0065832785,.,0.9931114999999999,0.31848866,0.9931114999999999,0.052741144000000004,CONTRIBUTING_VARIANT
14,76548641,T,C,438.8,PASS,0/1,61,missense_variant,IFT43:ENST00000238628.6:c.314T>C:p.(Ile105Thr),IFT43,.,0.161,0.999889,0.998,.,rs764886385,0.011595547,.,.,.,.,.,.,.,.,0.0060562016,.,0.9983108,0.30736235,0.9983108,0.046797387,CONTRIBUTING_VARIANT
6,149699310,A,C,835.8,PASS,0/1,104,missense_variant,TAB2:ENST00000286332.5:c.259A>C:p.(Ile87Leu),TAB2,.,0.001,.,0.925,.,rs755555012,0.061728396,.,.,.,.,.,0.011563367,.,.,.,.,0.9170292999999999,0.3285489,0.9170292999999999,0.044526637,CONTRIBUTING_VARIANT
9,101891380,C,G,1480.8,PASS,0/1,117,missense_variant,TGFBR1:ENST00000374990.2:c.341C>G:p.(Thr114Ser),TGFBR1,.,0.009,0.65551,0.536,.,.,0.0,.,.,.,.,.,.,.,.,.,.,0.65551,0.40882987,0.65551,0.044206052999999995,CONTRIBUTING_VARIANT
4,15529188,G,A,894.8,PASS,0/1,78,missense_variant,CC2D2A:ENST00000389652.5:c.1121G>A:p.(Arg374Gln),CC2D2A,.,0.868,1.0,0.892,.,rs780924556,0.07587253,.,.,.,.,.,0.07587253,.,0.0032727867,.,.,0.98933256,0.297236,0.98933256,0.039751485,CONTRIBUTING_VARIANT
17,56774125,A,T,2152.8,PASS,0/1,169,stop_lost,RAD51C:ENST00000413590.1:c.114A>T:p.(*38Cys),RAD51C,.,1.0,1.0,1.0,.,.,0.0,.,.,.,.,.,.,.,.,.,.,1.0,0.25754756,1.0,0.024951183999999998,CONTRIBUTING_VARIANT
7,295816,C,G,1464.8,PASS,0/1,114,splice_region_variant,FAM20C:ENST00000313766.5:c.1074C>G:p.(=),FAM20C,.,.,.,.,.,.,0.0,.,.,.,.,.,.,.,.,.,.,0.8,0.31460497,0.8,0.023460539,CONTRIBUTING_VARIANT
19,12758155,G,A,859.8,PASS,0/1,82,splice_region_variant,MAN2B1:ENST00000221363.4:c.2818-6C>T:p.?,MAN2B1,.,.,.,.,.,.,0.0,.,.,.,.,.,.,.,.,.,.,0.8,0.31396192,0.8,0.02326659,CONTRIBUTING_VARIANT
6,32362580,G,A,1270.8,PASS,0/1,141,missense_variant,BTNL2:ENST00000374993.1:c.1301C>T:p.(Thr434Ile),BTNL2,.,0.525,.,0.998,.,.,0.0,.,.,.,.,.,.,.,.,.,.,0.998,0.24904576,0.998,0.022180334,CONTRIBUTING_VARIANT
20,42264561,C,T,486.8,PASS,0/1,55,splice_region_variant,IFT52:ENST00000373030.3:c.924-5C>T:p.?,IFT52,.,.,.,.,.,.,0.0,.,.,.,.,.,.,.,.,.,.,0.8,0.30736235,0.8,0.021364452000000003,CONTRIBUTING_VARIANT
17,27064400,G,A,1170.8,PASS,0/1,111,missense_variant,NEK8:ENST00000268766.6:c.695G>A:p.(Arg232His),NEK8,.,0.121,1.0,0.967,.,rs571858492,0.019969999999999998,0.01997,.,.,.,0.008695652,.,.,.,0.0060790274,.,0.9972701999999999,0.24254952,0.9972701999999999,0.020332927,CONTRIBUTING_VARIANT
12,116714248,G,T,638.8,PASS,0/1,58,missense_variant,MED13L:ENST00000548743.1:c.29C>A:p.(Pro10Gln),MED13L,.,.,1.0,0.426,.,.,0.0,.,.,.,.,.,.,.,.,.,.,1.0,0.24132739,1.0,0.02023359,CONTRIBUTING_VARIANT
17,48683431,G,T,550.8,PASS,0/1,61,missense_variant,CACNA1G:ENST00000416767.4:c.4469G>T:p.(Gly1490Val),CACNA1G,.,.,.,1.0,.,rs1390244561,0.0023891439999999997,.,.,.,.,.,.,.,.,.,.,0.9996761999999999,0.24132739,0.9996761999999999,0.020207375,CONTRIBUTING_VARIANT
7,142458451,A,T,548.8,PASS,0/1,212,missense_variant,PRSS1:ENST00000311737.7:c.86A>T:p.(Asn29Ile),PRSS1,.,0.001,1.83369E-4,0.96,.,rs111033566,47.868559999999995,.,.,.,.,.,.,.,.,.,.,1.0,0.23958239,1.0,0.01978135,CONTRIBUTING_VARIANT
17,7909966,C,T,1251.8,PASS,0/1,98,missense_variant,GUCY2D:ENST00000254854.4:c.1312C>T:p.(Arg438Cys),GUCY2D,.,0.462,.,0.831,.,rs565948960,0.07001167,0.03994,.,.,.,.,0.038255546,.,0.0036508343,0.006863418,.,0.8228443000000001,0.293811,0.8228443000000001,0.019642913999999997,CONTRIBUTING_VARIANT
2,176982047,A,AGT,1434.7,PASS,0/1,96,frameshift_variant,HOXD10:ENST00000249501.4:c.486_487insGT:p.(Thr163Valfs*40),HOXD10,.,.,.,.,.,rs776572913,0.06381251,.,.,.,.,.,.,.,.,.,.,0.9910827,0.23873734,0.9910827,0.018878952,CONTRIBUTING_VARIANT
7,99711915,G,A,929.8,PASS,0/1,53,missense_variant,TAF6:ENST00000472509.1:c.89C>T:p.(Ser30Phe),TAF6,.,.,.,0.972,.,.,0.0,.,.,.,.,.,.,.,.,.,.,0.972,0.20944506,0.972,0.011940244,CONTRIBUTING_VARIANT
5,126776560,G,GT,1684.7,PASS,0/1,104,splice_donor_variant,MEGF10:ENST00000274473.6:c.2362+1_2362+2insT:p.?,MEGF10,.,.,.,.,.,rs762560221,0.11028558,.,.,.,.,.,0.05777675,.,.,.,.,1.0,0.16969348,1.0,0.007948024,CONTRIBUTING_VARIANT
19,11319710,G,C,2025.8,PASS,0/1,187,missense_variant,DOCK6:ENST00000294618.7:c.4821C>G:p.(His1607Gln),DOCK6,.,0.653,0.999995,0.999,.,.,0.0,.,.,.,.,.,.,.,.,.,.,0.9999950000000001,0.16969348,0.9999950000000001,0.007947863000000001,CONTRIBUTING_VARIANT
8,134034317,T,G,1901.8,PASS,0/1,170,missense_variant,TG:ENST00000220616.4:c.6958T>G:p.(Ser2320Ala),TG,.,0.996,0.962229,0.991,.,.,0.0,.,.,.,.,.,.,.,.,.,.,0.996,0.16427445,0.996,0.007283529699999999,CONTRIBUTING_VARIANT
5,35066082,C,T,1623.8,PASS,0/1,130,missense_variant,PRLR:ENST00000231423.3:c.978G>A:p.(Met326Ile),PRLR,.,0.393,1.0,0.881,.,rs754183228,0.011571395,.,.,.,.,.,0.011571395,.,.,.,.,0.9984249,0.15098620000000001,0.9984249,0.006177969,CONTRIBUTING_VARIANT
7,151878748,C,T,742.8,PASS,0/1,69,missense_variant,KMT2C:ENST00000262189.6:c.6197G>A:p.(Arg2066Gln),KMT2C,.,0.992,0.974393,0.998,.,rs587778498,0.003248863,.,.,.,.,.,.,.,.,.,.,0.9975605,0.15098620000000001,0.9975605,0.006156318,CONTRIBUTING_VARIANT
19,50209622,C,T,950.8,PASS,0/1,125,missense_variant,CPT1C:ENST00000323446.5:c.1295C>T:p.(Ser432Leu),CPT1C,.,0.06,.,0.95,.,rs1291529814,0.03448276,.,.,.,.,.,.,.,.,.,.,0.9454894,0.1593808,0.9454894,0.0055635725,CONTRIBUTING_VARIANT
16,89805927,G,A,2005.8,PASS,0/1,88,missense_variant,FANCA:ENST00000564475.1:c.299C>T:p.(Pro100Leu),FANCA,.,.,.,.,.,rs1337959697,0.06825273,.,.,.,.,.,.,.,.,.,.,0.5942645000000001,0.25754756,0.5942645000000001,0.0048511657,CONTRIBUTING_VARIANT
17,16216914,G,A,497.8,PASS,0/1,53,missense_variant,PIGL:ENST00000477745.1:c.478G>A:p.(Val160Ile),PIGL,.,.,.,.,.,rs114697377,0.07537106,0.01997,.,.,.,.,0.0693321,.,.,0.018168604,.,0.5936435,0.25251743,0.5936435,0.0045290617,CONTRIBUTING_VARIANT
1,45974604,G,GT,2256.7,PASS,0/1,161,frameshift_variant,MMACHC:ENST00000401061.4:c.567dup:p.(Ile190Tyrfs*13),MMACHC,.,.,.,.,.,rs761221416,0.061728396,.,.,.,.,.,.,.,.,.,.,1.0,0.12452288,1.0,0.0043904083,CONTRIBUTING_VARIANT
6,35480622,T,G,1077.8,PASS,0/1,95,missense_variant,TULP1:ENST00000229771.6:c.14A>C:p.(Asp5Ala),TULP1,.,0.118,.,0.997,.,rs1054313189,0.0015927623999999999,.,.,.,.,.,.,.,.,.,.,0.99678487,0.12452288,0.99678487,0.0043333475,CONTRIBUTING_VARIANT
5,172342047,C,T,120.8,PASS,0/1,7,missense_variant,ERGIC1:ENST00000326654.2:c.446C>T:p.(Ala149Val),ERGIC1,.,0.094,.,1.0,.,.,0.0,.,.,.,.,.,.,.,.,.,.,1.0,0.120663695,1.0,0.0041729720000000005,CONTRIBUTING_VARIANT
1,226030148,G,A,668.8,PASS,0/1,73,missense_variant,EPHX1:ENST00000272167.5:c.1013G>A:p.(Arg338Gln),EPHX1,.,0.378,0.712075,0.915,.,rs1451067258,0.0057977736,.,.,.,.,.,.,.,.,.,.,0.91427994,0.12452288,0.91427994,0.0030969288,CONTRIBUTING_VARIANT
19,48800651,A,T,1171.8,PASS,0/1,85,missense_variant,CCDC114:ENST00000315396.7:c.1595T>A:p.(Leu532Gln),CCDC114,.,0.7,.,0.98,.,rs750303859,0.017482517,.,.,.,.,.,0.01185115,.,.,.,.,0.9776610000000001,0.07549310000000001,0.9776610000000001,0.0021008339999999998,CONTRIBUTING_VARIANT
16,70977800,C,CACGGGAAAGCATTTTTAATGATGCGAA,528.7,PASS,0/1,152,disruptive_inframe_insertion,HYDIN:ENST00000393567.2:c.6583_6584insTTCGCATCATTAAAAATGCTTTCCCGT:p.(Ser2195delinsIleArgIleIleLysAsnAlaPheProCys),HYDIN,.,.,.,.,.,.,0.0,.,.,.,.,.,.,.,.,.,.,0.85,0.07549310000000001,0.85,0.0012479227999999999,CONTRIBUTING_VARIANT
3,4725390,G,A,760.8,PASS,0/1,96,missense_variant,ITPR1:ENST00000302640.8:c.3361G>A:p.(Val1121Met),ITPR1,.,0.999,1.0,0.999,.,rs780411493,0.008640056,.,.,.,.,0.008640056,.,.,.,.,.,0.9988256,0.0009811417999999999,0.9988256,0.000856542,CONTRIBUTING_VARIANT
5,54529089,T,TGGGCC,1058.7,PASS,0/1,114,frameshift_elongation,CCNO:ENST00000282572.4:c.258_262dup:p.(Gln88Argfs*8),CCNO,.,.,.,.,.,rs587777502,0.061804697,.,.,.,.,.,0.032237265,.,0.02882509,0.03170577,.,1.0,0.0004905708999999999,1.0,0.0008551010400000001,CONTRIBUTING_VARIANT
1,20975078,A,G,2058.8,PASS,0/1,173,missense_variant,PINK1:ENST00000321556.4:c.1204A>G:p.(Ser402Gly),PINK1,.,0.984,1.0,0.997,.,.,0.0,.,.,.,.,.,.,.,.,.,.,1.0,0.0004905708999999999,1.0,0.0008551010400000001,CONTRIBUTING_VARIANT
17,63156395,T,C,496.8,PASS,0/1,77,missense_variant,RGS9:ENST00000262406.9:c.250T>C:p.(Tyr84His),RGS9,.,1.0,0.989744,1.0,.,rs750192414,0.0007963811999999999,.,.,.,.,.,.,.,.,.,.,0.9998921000000001,0.0004905708999999999,0.9998921000000001,0.00085472444,CONTRIBUTING_VARIANT
22,25024296,C,T,79.8,PASS,0/1,215,missense_variant,GGT1:ENST00000248923.4:c.1504C>T:p.(Pro502Ser),GGT1,.,0.649,0.999691,0.928,.,.,0.0,.,.,.,.,.,.,.,.,.,.,0.999691,0.0004905708999999999,0.999691,0.0008540228599999999,CONTRIBUTING_VARIANT
9,138393735,T,C,1434.8,PASS,0/1,153,missense_variant,MRPS2:ENST00000241600.5:c.215T>C:p.(Phe72Ser),MRPS2,.,0.961,0.999013,0.999,.,.,0.0,.,.,.,.,.,.,.,.,.,.,0.9990129999999999,0.0004905708999999999,0.9990129999999999,0.0008516618400000001,CONTRIBUTING_VARIANT
2,96521482,ATG,A,1179.7,PASS,0/1,304,frameshift_truncation,ANKRD36C:ENST00000419039.2:c.1606_1607del:p.(His536Cysfs*10),ANKRD36C,.,.,.,.,.,.,0.0,.,.,.,.,.,.,.,.,.,.,1.0,0.0,1.0,0.0008495786999999999,CONTRIBUTING_VARIANT
13,111935576,T,A,13.9,PASS,0/1,139,missense_variant,ARHGEF7:ENST00000218789.5:c.1345T>A:p.(Ser449Thr),ARHGEF7,.,0.051,1.0,0.912,.,.,0.0,.,.,.,.,.,.,.,.,.,.,1.0,0.0,1.0,0.0008495786999999999,CONTRIBUTING_VARIANT
19,36049291,T,C,1890.8,PASS,0/1,144,missense_variant,ATP4A:ENST00000262623.3:c.1473A>G:p.(Ile491Met),ATP4A,.,0.834,0.866184,1.0,.,.,0.0,.,.,.,.,.,.,.,.,.,.,1.0,0.0,1.0,0.0008495786999999999,CONTRIBUTING_VARIANT
10,53457932,T,G,1649.8,PASS,0/1,140,missense_variant,CSTF2T:ENST00000331173.4:c.1378A>C:p.(Met460Leu),CSTF2T,.,0.008,1.0,0.911,.,.,0.0,.,.,.,.,.,.,.,.,.,.,1.0,0.0,1.0,0.0008495786999999999,CONTRIBUTING_VARIANT
9,34613864,A,C,1147.8,PASS,0/1,118,missense_variant,DCTN3:ENST00000259632.7:c.476T>G:p.(Met159Arg),DCTN3,.,0.089,1.0,0.958,.,.,0.0,.,.,.,.,.,.,.,.,.,.,1.0,0.0,1.0,0.0008495786999999999,CONTRIBUTING_VARIANT
17,74097350,A,C,53.8,PASS,0/1,147,splice_donor_variant,EXOC7:ENST00000332065.5:c.417+2T>G:p.?,EXOC7,.,0.996,1.0,0.997,.,.,0.0,.,.,.,.,.,.,.,.,.,.,1.0,0.0,1.0,0.0008495786999999999,CONTRIBUTING_VARIANT
2,28627076,A,G,985.8,PASS,0/1,137,missense_variant,FOSL2:ENST00000264716.4:c.205A>G:p.(Ile69Val),FOSL2,.,0.93,1.0,0.798,.,.,0.0,.,.,.,.,.,.,.,.,.,.,1.0,0.0,1.0,0.0008495786999999999,CONTRIBUTING_VARIANT
6,31238198,C,T,350.8,PASS,0/1,59,stop_gained,HLA-C:ENST00000376228.5:c.684G>A:p.(Trp228*),HLA-C,.,.,1.0,.,.,.,0.0,.,.,.,.,.,.,.,.,.,.,1.0,0.0,1.0,0.0008495786999999999,CONTRIBUTING_VARIANT
10,118443277,A,AGG,1147.7,PASS,0/1,62,frameshift_variant,HSPA12A:ENST00000480802.2:c.312_313dup:p.(Leu105Profs*23),HSPA12A,.,.,.,.,.,.,0.0,.,.,.,.,.,.,.,.,.,.,1.0,0.0,1.0,0.0008495786999999999,CONTRIBUTING_VARIANT
12,57843774,A,G,1061.8,PASS,0/1,120,missense_variant,INHBC:ENST00000309668.2:c.1028A>G:p.(Asp343Gly),INHBC,.,0.996,1.0,1.0,.,.,0.0,.,.,.,.,.,.,.,.,.,.,1.0,0.0,1.0,0.0008495786999999999,CONTRIBUTING_VARIANT
5,71493422,C,G,1072.8,PASS,0/1,86,missense_variant,MAP1B:ENST00000296755.7:c.4240C>G:p.(Leu1414Val),MAP1B,.,0.53,.,1.0,.,.,0.0,.,.,.,.,.,.,.,.,.,.,1.0,0.0,1.0,0.0008495786999999999,CONTRIBUTING_VARIANT
12,107372375,G,GT,1414.7,PASS,0/1,111,frameshift_elongation,MTERF2:ENST00000240050.4:c.117dup:p.(Gln40Thrfs*15),MTERF2,.,.,.,.,.,.,0.0,.,.,.,.,.,.,.,.,.,.,1.0,0.0,1.0,0.0008495786999999999,CONTRIBUTING_VARIANT
5,167988460,C,A,1119.8,PASS,0/1,76,missense_variant,PANK3:ENST00000239231.6:c.874G>T:p.(Ala292Ser),PANK3,.,0.396,1.0,0.55799997,.,.,0.0,.,.,.,.,.,.,.,.,.,.,1.0,0.0,1.0,0.0008495786999999999,CONTRIBUTING_VARIANT
2,219692559,T,A,1085.8,PASS,0/1,70,missense_variant,PRKAG3:ENST00000233944.3:c.817A>T:p.(Arg273Trp),PRKAG3,.,1.0,1.0,1.0,.,.,0.0,.,.,.,.,.,.,.,.,.,.,1.0,0.0,1.0,0.0008495786999999999,CONTRIBUTING_VARIANT
9,70662663,G,T,435.8,PASS,0/1,145,splice_donor_variant,RP11-154P18.2:ENST00000417001.1:n.479+1G>T:,RP11-154P18.2,.,.,.,.,.,.,0.0,.,.,.,.,.,.,.,.,.,.,1.0,0.0,1.0,0.0008495786999999999,CONTRIBUTING_VARIANT
10,51820766,T,A,1170.8,PASS,0/1,107,splice_acceptor_variant,RP11-324H6.5:ENST00000417804.1:n.246-2A>T:,RP11-324H6.5,.,.,.,.,.,.,0.0,.,.,.,.,.,.,.,.,.,.,1.0,0.0,1.0,0.0008495786999999999,CONTRIBUTING_VARIANT
22,32014136,G,A,1724.8,PASS,0/1,157,stop_gained,SFI1:ENST00000400288.2:c.3548G>A:p.(Trp1183*),SFI1,.,.,1.0,.,.,.,0.0,.,.,.,.,.,.,.,.,.,.,1.0,0.0,1.0,0.0008495786999999999,CONTRIBUTING_VARIANT
13,21729290,C,CAGTTTTCTTTGTTGCTGACATCTCGGATGTTCTGTCCATGTTTAAGGAACCT,613.7,PASS,0/1,115,splice_acceptor_variant,SKA3:ENST00000298260.4:c.*1069-2_*1069-1insAGGTTCCTTAAACATGGACAGAACATCCGAGATGTCAGCAACAAAGAAAACT:p.(=),SKA3,.,.,.,.,.,.,0.0,.,.,.,.,.,.,.,.,.,.,1.0,0.0,1.0,0.0008495786999999999,CONTRIBUTING_VARIANT
4,1746507,T,C,1603.8,PASS,0/1,155,missense_variant,TACC3:ENST00000313288.4:c.2399T>C:p.(Leu800Pro),TACC3,.,0.995,1.0,0.999,.,.,0.0,.,.,.,.,.,.,.,.,.,.,1.0,0.0,1.0,0.0008495786999999999,CONTRIBUTING_VARIANT
13,45150191,G,A,1778.8,PASS,0/1,157,missense_variant,TSC22D1:ENST00000458659.2:c.20C>T:p.(Ser7Phe),TSC22D1,.,0.466,0.999655,1.0,.,.,0.0,.,.,.,.,.,.,.,.,.,.,1.0,0.0,1.0,0.0008495786999999999,CONTRIBUTING_VARIANT
18,21662976,TA,T,1213.7,PASS,0/1,110,frameshift_truncation,TTC39C:ENST00000304621.6:c.738del:p.(Lys246Lysfs*21),TTC39C,.,.,.,.,.,.,0.0,.,.,.,.,.,.,.,.,.,.,1.0,0.0,1.0,0.0008495786999999999,CONTRIBUTING_VARIANT
19,39897536,C,CGTTA,2178.7,PASS,0/1,101,frameshift_elongation,ZFP36:ENST00000594442.1:c.40_43dup:p.(Thr15Serfs*17),ZFP36,.,.,.,.,.,.,0.0,.,.,.,.,.,.,.,.,.,.,1.0,0.0,1.0,0.0008495786999999999,CONTRIBUTING_VARIANT
10,16635415,G,T,820.8,PASS,0/1,99,missense_variant,RSU1:ENST00000345264.5:c.812C>A:p.(Pro271His),RSU1,.,0.908,0.999999,0.997,.,.,0.0,.,.,.,.,.,.,.,.,.,.,0.999999,0.0,0.999999,0.0008495752,CONTRIBUTING_VARIANT
20,3128885,A,T,1216.8,PASS,0/1,86,missense_variant,FASTKD5:ENST00000380266.3:c.832T>A:p.(Leu278Met),FASTKD5,.,0.936,0.999947,0.884,.,.,0.0,.,.,.,.,.,.,.,.,.,.,0.9999469999999999,0.0,0.9999469999999999,0.0008493949400000001,CONTRIBUTING_VARIANT
17,27239526,C,G,2212.8,PASS,0/1,185,missense_variant,PHF12:ENST00000268756.3:c.2063G>C:p.(Arg688Pro),PHF12,.,0.855,0.999926,0.985,.,.,0.0,.,.,.,.,.,.,.,.,.,.,0.999926,0.0,0.999926,0.0008493219500000001,CONTRIBUTING_VARIANT
2,231130,G,C,843.8,PASS,0/1,67,stop_gained,SH3YL1:ENST00000481932.1:c.134C>G:p.(Ser45*),SH3YL1,.,0.009,0.722058,0.39099997,.,rs1364178902,0.0007963811999999999,.,.,.,.,.,.,.,.,.,.,0.9998921000000001,0.0,0.9998921000000001,0.00084920455,CONTRIBUTING_VARIANT
1,232539879,G,A,988.8,PASS,0/1,83,missense_variant,SIPA1L2:ENST00000262861.4:c.4808C>T:p.(Ser1603Phe),SIPA1L2,.,0.483,1.0,0.97,.,rs1165189863,0.0007963811999999999,.,.,.,.,.,.,.,.,.,.,0.9998921000000001,0.0,0.9998921000000001,0.00084920455,CONTRIBUTING_VARIANT
5,154278159,C,A,638.8,PASS,0/1,86,missense_variant,GEMIN5:ENST00000285873.7:c.3186G>T:p.(Lys1062Asn),GEMIN5,.,0.995,0.999885,0.996,.,.,0.0,.,.,.,.,.,.,.,.,.,.,0.999885,0.0,0.999885,0.00084918,CONTRIBUTING_VARIANT
11,75378709,G,T,389.8,PASS,0/1,38,missense_variant,MAP6:ENST00000304771.3:c.706C>A:p.(Arg236Ser),MAP6,.,0.044,0.999875,0.996,.,.,0.0,.,.,.,.,.,.,.,.,.,.,0.999875,0.0,0.999875,0.00084914523,CONTRIBUTING_VARIANT
1,15679465,AAC,A,1616.7,PASS,0/1,89,frameshift_truncation,FHAD1:ENST00000314740.8:c.241_242del:p.(Thr81Glnfs*18),FHAD1,.,.,.,.,.,rs1275284812,0.0015927623999999999,.,.,.,.,.,.,.,.,.,.,0.99978423,0.0,0.99978423,0.00084883056,CONTRIBUTING_VARIANT
19,49219988,C,T,915.8,PASS,0/1,79,missense_variant,MAMSTR:ENST00000318083.6:c.71G>A:p.(Arg24Gln),MAMSTR,.,0.981,1.0,1.0,.,rs979064522,0.0023891439999999997,.,.,.,.,.,.,.,.,.,.,0.9996761999999999,0.0,0.9996761999999999,0.0008484563,CONTRIBUTING_VARIANT
18,59203836,A,G,677.8,PASS,0/1,56,missense_variant,CDH20:ENST00000262717.4:c.1382A>G:p.(Asn461Ser),CDH20,.,0.626,0.999997,0.999,.,rs1475928006,0.0023891439999999997,.,.,.,.,.,.,.,.,.,.,0.99967325,0.0,0.99967325,0.0008484460000000001,CONTRIBUTING_VARIANT
7,107824951,C,T,1019.8,PASS,0/1,87,missense_variant,NRCAM:ENST00000351718.4:c.2095G>A:p.(Val699Met),NRCAM,.,0.847,1.0,1.0,.,rs772374105,0.002691935,.,.,.,.,.,.,.,0.0015077953,.,.,0.99963516,0.0,0.99963516,0.000848314,CONTRIBUTING_VARIANT
22,35713941,G,A,722.8,PASS,0/1,74,missense_variant,TOM1:ENST00000395736.3:c.124G>A:p.(Glu42Lys),TOM1,.,0.997,1.0,0.994,.,rs748134719,0.0032486516999999998,.,.,.,.,.,.,.,0.0014988009,.,.,0.9995596,0.0,0.9995596,0.00084805227,CONTRIBUTING_VARIANT
16,68267742,C,T,911.8,PASS,0/1,81,missense_variant,ESRP2:ENST00000473183.2:c.485G>A:p.(Arg162Gln),ESRP2,.,0.956,0.999976,0.997,.,rs779909429,0.0047782879999999995,.,.,.,.,.,.,.,0.0029977816,.,.,0.9993277,0.0,0.9993277,0.0008472498,CONTRIBUTING_VARIANT
22,44893414,T,A,1150.8,PASS,0/1,115,missense_variant,RTL6:ENST00000341255.3:c.23A>T:p.(Lys8Ile),RTL6,.,0.955,.,1.0,.,rs1265757808,0.0058078756999999995,.,.,.,.,.,.,.,.,.,.,0.99921167,0.0,0.99921167,0.0008468484,CONTRIBUTING_VARIANT
14,76219283,G,A,782.8,PASS,0/1,95,missense_variant,TTLL5:ENST00000298832.9:c.1535G>A:p.(Arg512His),TTLL5,.,0.271,1.0,0.9,.,rs770398766,0.017399374,.,.,.,.,.,.,.,0.0014990256,.,.,0.9976246999999999,0.0004905708999999999,0.9976246999999999,0.00084684766,CONTRIBUTING_VARIANT
20,30436317,T,C,2134.8,PASS,0/1,171,missense_variant,DUSP15:ENST00000278979.3:c.778A>G:p.(Thr260Ala),DUSP15,.,0.0,.,1.0,.,rs113346385,0.006067961,.,.,.,.,.,.,.,.,.,.,0.99917626,0.0,0.99917626,0.000846726,CONTRIBUTING_VARIANT
9,116222583,A,G,13.9,PASS,0/1,16,missense_variant,RGS3:ENST00000350696.5:c.47A>G:p.(Gln16Arg),RGS3,.,0.069,.,1.0,.,rs1345015853,0.006229753,.,.,.,.,.,.,.,.,.,.,0.99915427,0.0,0.99915427,0.0008466499000000001,CONTRIBUTING_VARIANT
18,74627651,A,G,1561.8,PASS,0/1,117,missense_variant,ZNF236:ENST00000253159.8:c.3104A>G:p.(Asn1035Ser),ZNF236,.,0.985,0.999997,0.649,.,rs1403131915,0.006539367,.,.,.,.,.,.,.,.,.,.,0.9991091000000001,0.0,0.9991091000000001,0.0008464937599999999,CONTRIBUTING_VARIANT
3,195510214,G,T,11.1,PASS,0/1,80,missense_variant,MUC4:ENST00000462323.1:c.8237C>A:p.(Ser2746Tyr),MUC4,.,.,.,0.999,.,rs201340702,0.0,.,.,.,.,.,.,.,.,.,.,0.9990000000000001,0.0,0.9990000000000001,0.00084611686,CONTRIBUTING_VARIANT
11,68574988,C,A,999.8,PASS,0/1,105,missense_variant,CPT1A:ENST00000265641.5:c.400G>T:p.(Gly134Trp),CPT1A,.,0.999,1.0,1.0,.,rs200242711,0.019969999999999998,0.01997,.,.,.,.,0.011568719,.,.,.,.,0.9972701999999999,0.0004905708999999999,0.9972701999999999,0.00084562285,CONTRIBUTING_VARIANT
7,102574517,C,T,1709.8,PASS,0/1,139,missense_variant,LRRC17:ENST00000249377.4:c.157C>T:p.(Pro53Ser),LRRC17,.,0.003,1.0,0.905,.,rs765470260,0.008658009,.,.,.,.,0.008658009,.,.,.,.,.,0.99882317,0.0,0.99882317,0.0008455061,CONTRIBUTING_VARIANT
10,126683103,C,T,81.8,PASS,0/1,104,missense_variant,CTBP2:ENST00000309035.6:c.2335G>A:p.(Val779Ile),CTBP2,.,0.441,1.0,0.798,.,rs77603788,0.009613535999999999,.,.,.,0.009613536,.,.,.,0.0029972426,0.006056935,.,0.9986927,0.0,0.9986927,0.0008450557400000001,CONTRIBUTING_VARIANT
7,99808708,A,C,26.8,PASS,0/1,79,missense_variant,STAG3:ENST00000317296.5:c.3313A>C:p.(Thr1105Pro),STAG3,.,0.261,.,0.997,.,.,0.0,.,.,.,.,.,.,.,.,.,.,0.997,0.0004905708999999999,0.997,0.0008446902,CONTRIBUTING_VARIANT
17,56164515,G,A,1639.8,PASS,0/1,151,missense_variant,DYNLL2:ENST00000579991.2:c.64G>A:p.(Val22Ile),DYNLL2,.,0.03,1.0,.,.,rs745581029,0.011563367,.,.,.,.,.,0.011563367,.,.,.,.,0.99842596,0.0,0.99842596,0.0008441359,CONTRIBUTING_VARIANT
2,214012492,T,C,1059.8,PASS,0/1,95,missense_variant,IKZF2:ENST00000342002.2:c.97A>G:p.(Ile33Val),IKZF2,.,0.067,0.997549,1.0,.,rs749752146,0.011595547,.,.,.,.,.,.,.,.,.,.,0.9984216,0.0,0.9984216,0.00084412086,CONTRIBUTING_VARIANT
22,24573633,C,T,1664.8,PASS,0/1,130,missense_variant,CABIN1:ENST00000263119.5:c.6367C>T:p.(Arg2123Trp),CABIN1,.,0.993,0.999992,1.0,.,rs369932933,0.0116,.,0.0116,.,.,.,.,.,.,.,.,0.9984209999999999,0.0,0.9984209999999999,0.0008441188000000001,CONTRIBUTING_VARIANT
3,52492837,C,G,712.8,PASS,0/1,84,missense_variant,NISCH:ENST00000345716.4:c.337C>G:p.(His113Asp),NISCH,.,0.197,0.99824,0.946,.,.,0.0,.,.,.,.,.,.,.,.,.,.,0.99824,0.0,0.99824,0.00084349513,CONTRIBUTING_VARIANT
6,27114505,T,G,528.8,PASS,0/1,362,missense_variant,H2BC12:ENST00000356950.1:c.73A>C:p.(Lys25Gln),H2BC12,.,0.023,.,0.998,.,.,0.0,.,.,.,.,.,.,.,.,.,.,0.998,0.0,0.998,0.00084266905,CONTRIBUTING_VARIANT
17,9846526,C,T,604.8,PASS,0/1,44,missense_variant,GAS7:ENST00000323816.4:c.463G>A:p.(Gly155Ser),GAS7,.,0.014,1.0,.,.,rs759708568,0.017274141,.,.,.,.,0.017274141,.,.,.,0.012125622,.,0.9976419,0.0,0.9976419,0.0008414378,CONTRIBUTING_VARIANT
1,204399141,G,A,507.8,PASS,0/1,62,missense_variant,PIK3C2B:ENST00000367187.3:c.4306C>T:p.(Arg1436Cys),PIK3C2B,.,0.999,1.0,1.0,.,rs768164278,0.017458099999999997,.,.,.,.,.,0.011893434,.,0.0046151006,.,.,0.9976166,0.0,0.9976166,0.00084135076,CONTRIBUTING_VARIANT
3,194349230,T,C,1067.8,PASS,0/1,109,missense_variant,TMEM44:ENST00000273580.7:c.146A>G:p.(Tyr49Cys),TMEM44,.,0.999,1.0,0.996,.,rs200109302,0.01844338,.,.,.,.,.,.,.,.,.,.,0.99748087,0.0,0.99748087,0.00084088463,CONTRIBUTING_VARIANT
22,48972347,C,T,994.8,PASS,0/1,78,missense_variant,TAFA5:ENST00000358295.5:c.55C>T:p.(Leu19Phe),TAFA5,.,0.934,1.0,0.952,.,rs748416322,0.02047502,.,.,.,.,.,0.02047502,.,.,0.018497964,.,0.9972004999999999,0.0,0.9972004999999999,0.00083992246,CONTRIBUTING_VARIANT
1,28285006,T,A,1556.8,PASS,0/1,128,missense_variant,SMPDL3B:ENST00000373894.3:c.1025T>A:p.(Met342Lys),SMPDL3B,.,0.088,0.546221,0.997,.,.,0.0,.,.,.,.,.,.,.,.,.,.,0.997,0.0,0.997,0.0008392351,CONTRIBUTING_VARIANT
19,10434074,C,T,1474.8,PASS,0/1,109,missense_variant,RAVER1:ENST00000293677.6:c.976G>A:p.(Ala326Thr),RAVER1,.,0.173,0.999855,0.934,.,rs780187472,0.02140411,.,.,.,.,.,.,0.02140411,0.0019902873,.,.,0.9969275,0.0,0.9969275,0.0008389868,CONTRIBUTING_VARIANT
6,38702357,C,T,1334.8,PASS,0/1,103,missense_variant,DNAH8:ENST00000327475.6:c.682C>T:p.(Arg228Cys),DNAH8,.,0.983,1.0,1.0,.,rs145773185,0.0227,.,0.0116,0.0227,0.009613536,0.00866401,.,.,0.0014987111,.,.,0.9968928,0.0,0.9968928,0.0008388679,CONTRIBUTING_VARIANT
10,115366040,C,T,424.8,PASS,0/1,53,missense_variant,NRAP:ENST00000359988.3:c.3704G>A:p.(Arg1235His),NRAP,.,1.0,1.0,0.81700003,.,rs372123235,0.02276571,.,0.0116,.,0.009879471,0.008862105,.,.,0.009189206,0.006219679,.,0.99688375,0.0,0.99688375,0.0008388369,CONTRIBUTING_VARIANT
8,25718686,C,A,1515.8,PASS,0/1,111,missense_variant,EBF2:ENST00000408929.3:c.777G>T:p.(Arg259Ser),EBF2,.,0.998,1.0,0.998,.,rs200068960,0.023201857000000003,0.01997,.,.,.,.,0.023201857,.,.,.,.,0.9968233,0.0,0.9968233,0.0008386299,CONTRIBUTING_VARIANT
8,23538790,A,G,771.8,PASS,0/1,95,missense_variant,NKX3-1:ENST00000380871.4:c.649T>C:p.(Tyr217His),NKX3-1,.,0.992,0.999989,0.997,.,rs768812820,0.023148147,.,.,.,.,.,0.023148147,.,.,.,.,0.9968198,0.0,0.9968198,0.00083861785,CONTRIBUTING_VARIANT
1,200822606,C,A,689.8,PASS,0/1,66,missense_variant,CAMSAP2:ENST00000236925.4:c.3839C>A:p.(Pro1280Gln),CAMSAP2,.,0.983,1.0,0.997,.,rs779203569,0.023337222999999997,.,.,.,.,.,0.023337223,.,.,.,.,0.9968046,0.0,0.9968046,0.0008385658,CONTRIBUTING_VARIANT
15,40660564,G,T,2591.8,PASS,0/1,214,missense_variant,DISP2:ENST00000267889.3:c.2251G>T:p.(Ala751Ser),DISP2,.,0.658,1.0,0.788,.,rs779924295,0.023963576,.,.,.,.,.,0.023963576,.,.,.,.,0.9967178,0.0,0.9967178,0.0008382687,CONTRIBUTING_VARIANT
14,65199610,C,T,864.8,PASS,0/1,66,missense_variant,PLEKHG3:ENST00000247226.7:c.1168C>T:p.(Arg390Trp),PLEKHG3,.,0.999,0.999294,.,.,rs746927893,0.019825535,.,.,.,.,.,.,.,0.0026347684,.,.,0.9965860999999999,0.0,0.9965860999999999,0.00083781796,CONTRIBUTING_VARIANT
2,219562333,C,T,1646.8,PASS,0/1,130,missense_variant,STK36:ENST00000295709.3:c.2909C>T:p.(Ala970Val),STK36,.,0.237,0.999993,0.678,.,rs147424801,0.05184033,.,0.0116,.,0.019316206,0.05184033,.,.,0.0015007805,0.0060782884,.,0.9927925,0.0009811417999999999,0.9927925,0.0008356993,CONTRIBUTING_VARIANT
3,182605440,T,C,1229.8,PASS,0/1,95,missense_variant,ATP11B:ENST00000323116.5:c.2782T>C:p.(Tyr928His),ATP11B,.,0.295,1.0,0.991,.,rs375332861,0.03271823,.,.,0.0227,0.019252984,.,.,.,0.0014993403,.,.,0.99549896,0.0,0.99549896,0.0008341071000000001,CONTRIBUTING_VARIANT
7,139829391,T,C,367.8,PASS,0/1,44,missense_variant,KDM7A:ENST00000006967.5:c.461A>G:p.(His154Arg),KDM7A,.,0.023,0.999876,0.948,.,rs781452203,0.034802783,.,.,.,.,.,0.034802783,.,.,0.006063546,.,0.9950838,0.0,0.9950838,0.0008326943499999999,CONTRIBUTING_VARIANT
9,67965134,C,T,12.1,PASS,0/1,38,stop_gained,ANKRD20A1:ENST00000377477.2:c.1282C>T:p.(Gln428*),ANKRD20A1,.,.,.,.,.,rs749429764,0.041220114,.,.,.,.,.,.,.,.,.,.,0.9943050999999999,0.0,0.9943050999999999,0.0008300508,CONTRIBUTING_VARIANT
19,17566472,G,GGC,60.7,PASS,0/1,26,frameshift_variant,NXNL1:ENST00000301944.2:c.622_623insGC:p.(Ala208Glyfs*57),NXNL1,.,.,.,.,.,.,0.045330916,.,.,.,.,.,.,.,.,.,.,0.99372417,0.0,0.99372417,0.00082808424,CONTRIBUTING_VARIANT
13,109699282,G,A,704.8,PASS,0/1,64,missense_variant,MYO16:ENST00000251041.5:c.2749G>A:p.(Gly917Arg),MYO16,.,0.29,0.999997,0.985,.,rs537989726,0.04641448,0.01997,.,.,.,0.008643042,0.0346901,.,.,.,.,0.99356765,0.0,0.99356765,0.0008275551400000001,CONTRIBUTING_VARIANT
5,95091127,C,T,1085.8,PASS,0/1,75,missense_variant,RHOBTB3:ENST00000379982.3:c.710C>T:p.(Ala237Val),RHOBTB3,.,0.358,1.0,0.932,.,rs763502813,0.049881533,.,.,.,.,.,0.034762457,.,.,.,.,0.9930783000000001,0.0,0.9930783000000001,0.0008259032000000001,CONTRIBUTING_VARIANT
4,156784723,A,T,841.8,PASS,0/1,79,missense_variant,ASIC5:ENST00000537611.2:c.224T>A:p.(Leu75His),ASIC5,.,0.95,.,0.993,.,.,0.0,.,.,.,.,.,.,.,.,.,.,0.993,0.0,0.993,0.0008256391,CONTRIBUTING_VARIANT
22,30925131,T,C,1049.8,PASS,0/1,70,missense_variant,SEC14L6:ENST00000402034.2:c.607A>G:p.(Asn203Asp),SEC14L6,.,.,0.988215,0.993,.,rs1373090054,0.0,.,.,.,.,.,.,.,.,.,.,0.993,0.0,0.993,0.0008256391,CONTRIBUTING_VARIANT
8,8239167,T,C,1030.8,PASS,0/1,109,missense_variant,SGK223:ENST00000330777.4:c.91A>G:p.(Lys31Glu),SGK223,.,0.993,0.943383,.,.,.,0.0,.,.,.,.,.,.,.,.,.,.,0.993,0.0,0.993,0.0008256391,CONTRIBUTING_VARIANT
11,55905128,G,C,1191.8,PASS,0/1,92,missense_variant,OR8J3:ENST00000301529.1:c.67C>G:p.(Leu23Val),OR8J3,.,0.354,.,0.993,.,rs996846781,0.0015927623999999999,.,.,.,.,.,.,.,.,.,.,0.9927857,0.0,0.9927857,0.00082491705,CONTRIBUTING_VARIANT
16,71660500,C,T,1481.8,PASS,0/1,133,missense_variant,MARVELD3:ENST00000268485.3:c.368C>T:p.(Thr123Ile),MARVELD3,.,0.202,.,0.992,.,rs920186399,0.0007963811999999999,.,.,.,.,.,.,.,.,.,.,0.99189293,0.0,0.99189293,0.00082191534,CONTRIBUTING_VARIANT
17,42398804,C,T,1899.8,PASS,0/1,167,stop_lost,SLC25A39:ENST00000588049.1:c.491G>A:p.(Arg164Hisext*-164),SLC25A39,.,0.993,1.0,1.0,.,rs769806968,0.061728396,.,.,.,.,.,.,.,.,.,.,0.991383,0.0,0.991383,0.0008202058,CONTRIBUTING_VARIANT
13,28877353,G,A,1362.8,PASS,0/1,107,missense_variant,FLT1:ENST00000282397.4:c.3968C>T:p.(Pro1323Leu),FLT1,.,0.965,0.999997,0.999,.,rs536239359,0.06195787,0.01997,.,.,.,.,0.011671335,.,0.0015105284,0.0060642813,.,0.991347,0.0,0.991347,0.00082008523,CONTRIBUTING_VARIANT
1,40230552,GTC,G,2917.7,PASS,0/1,408,frameshift_variant,BMP8B:ENST00000397360.2:c.800_801del:p.(Arg267Thrfs*48),BMP8B,.,.,.,.,.,rs762156084,0.06203474,.,.,.,.,.,0.03536068,.,0.0016174949,.,.,0.9913389000000001,0.0,0.9913389000000001,0.0008200580499999999,CONTRIBUTING_VARIANT
19,53303626,C,A,1727.8,PASS,0/1,164,missense_variant,ZNF28:ENST00000360272.4:c.1313G>T:p.(Gly438Val),ZNF28,.,0.999,0.999932,0.999,.,rs756022395,0.06377551,.,.,.,.,.,0.05777675,.,.,.,.,0.9910206,0.0,0.9910206,0.00081899296,CONTRIBUTING_VARIANT
20,61945521,G,A,1125.8,PASS,0/1,105,missense_variant,COL20A1:ENST00000326996.6:c.2456G>A:p.(Arg819Lys),COL20A1,.,.,.,0.991,.,.,0.0,.,.,.,.,.,.,.,.,.,.,0.991,0.0,0.991,0.000818924,CONTRIBUTING_VARIANT
9,115969504,T,C,1001.8,PASS,0/1,77,missense_variant,FKBP15:ENST00000238256.3:c.242A>G:p.(His81Arg),FKBP15,.,0.154,0.999559,0.996,.,rs752830906,0.06165228,.,.,.,.,.,0.0115928585,.,.,.,.,0.9909568000000001,0.0,0.9909568000000001,0.00081877946,CONTRIBUTING_VARIANT
16,58021320,C,A,1412.8,PASS,0/1,130,missense_variant,TEPP:ENST00000290871.5:c.887C>A:p.(Pro296His),TEPP,.,0.999,0.610286,0.999,.,rs779505528,0.061728396,.,.,.,0.020815987,.,0.034013607,.,.,.,.,0.9903917,0.0,0.9903917,0.0008168922999999999,CONTRIBUTING_VARIANT
2,224640795,C,T,331.8,PASS,0/1,16,missense_variant,AP1S3:ENST00000444408.1:c.58G>A:p.(Val20Met),AP1S3,.,.,.,1.0,.,rs568343914,0.07283321,0.01997,.,.,0.042052146,.,.,.,.,.,.,0.9897756,0.0,0.9897756,0.0008148399,CONTRIBUTING_VARIANT
11,788279,C,T,2272.8,PASS,0/1,191,missense_variant,CEND1:ENST00000330106.4:c.298G>A:p.(Gly100Arg),CEND1,.,0.929,.,0.993,.,rs762710448,0.025503698999999998,.,.,.,.,.,0.025503699,.,0.0016831616,.,.,0.98952866,0.0,0.98952866,0.00081401865,CONTRIBUTING_VARIANT
14,24424248,G,A,2834.8,PASS,0/1,235,missense_variant,DHRS4:ENST00000308178.8:c.79G>A:p.(Gly27Ser),DHRS4,.,1.0,1.0,1.0,.,rs543208779,0.07537106,0.0599,.,.,.,.,0.057803467,.,.,.,.,0.98940575,0.0,0.98940575,0.0008136102,CONTRIBUTING_VARIANT
11,61252186,G,C,1618.8,PASS,0/1,128,missense_variant,PPP1R32:ENST00000338608.2:c.408G>C:p.(Gln136His),PPP1R32,.,0.906,0.989189,0.88,.,.,0.0,.,.,.,.,.,.,.,.,.,.,0.989189,0.0,0.989189,0.00081289053,CONTRIBUTING_VARIANT
17,80016262,C,T,1667.8,PASS,0/1,121,missense_variant,DUS1L:ENST00000306796.5:c.1237G>A:p.(Gly413Ser),DUS1L,.,0.006,0.998594,0.25199997,.,rs539331883,0.07093876,0.01997,.,.,0.010146104,0.008768853,0.07093876,.,0.0032085218,0.011200717,.,0.9886591,0.0,0.9886591,0.00081113336,CONTRIBUTING_VARIANT
20,35060424,G,A,1931.8,PASS,0/1,209,missense_variant,DLGAP4:ENST00000339266.5:c.304G>A:p.(Ala102Thr),DLGAP4,.,0.254,0.997112,0.917,.,rs200755523,0.061728396,.,0.0233,.,.,0.008641548,0.011563367,.,0.020981956,0.0060562016,.,0.9885199,0.0,0.9885199,0.0008106725,CONTRIBUTING_VARIANT
19,55869559,C,G,1580.8,PASS,0/1,100,missense_variant,FAM71E2:ENST00000424985.3:c.2677G>C:p.(Ala893Pro),FAM71E2,.,0.675,.,0.987,.,.,0.0,.,.,.,.,.,.,.,.,.,.,0.987,0.0,0.987,0.0008056567999999999,CONTRIBUTING_VARIANT
15,59801138,G,A,970.8,PASS,0/1,105,missense_variant,FAM81A:ENST00000288228.5:c.620G>A:p.(Ser207Asn),FAM81A,.,0.979,0.995525,0.47500002,.,rs368149094,0.06165228,.,0.0123,.,.,0.0086896075,0.034883723,.,0.0030072476,.,.,0.9869575,0.0,0.9869575,0.00080551696,CONTRIBUTING_VARIANT
7,104747653,G,A,347.8,PASS,0/1,34,missense_variant,KMT2E:ENST00000257745.4:c.2888G>A:p.(Arg963His),KMT2E,.,0.53,0.922446,0.994,.,rs370198555,0.061728396,.,0.0118,.,.,.,0.03494874,.,0.0015129051,0.0061342167,.,0.9854347,0.0,0.9854347,0.0008005237299999999,CONTRIBUTING_VARIANT
22,19702137,G,A,501.8,PASS,0/1,59,missense_variant,SEPTIN5:ENST00000406172.2:c.26G>A:p.(Ser9Asn),SEPTIN5,.,0.002,.,0.985,.,rs1469827714,0.0007963811999999999,.,.,.,.,.,.,.,.,.,.,0.98489374,0.0,0.98489374,0.0007987573,CONTRIBUTING_VARIANT
1,237880579,G,A,1271.8,PASS,0/1,88,missense_variant,RYR2:ENST00000360064.6:c.10399G>A:p.(Ala3467Thr),RYR2,.,0.038,0.981476,0.726,.,.,0.0,.,.,.,.,.,.,.,.,.,.,0.981476,0.0009811417999999999,0.981476,0.00079796114,CONTRIBUTING_VARIANT
1,179528866,G,T,479.8,PASS,0/1,60,missense_variant,NPHS2:ENST00000367615.4:c.482C>A:p.(Thr161Asn),NPHS2,.,0.873,0.995293,0.949,.,rs765005963,0.09784736,.,.,.,.,.,0.09784736,.,.,.,.,0.9814473,0.0004905708999999999,0.9814473,0.0007927146,CONTRIBUTING_VARIANT
17,36997512,T,C,1672.8,PASS,0/1,134,missense_variant,C17orf98:ENST00000398575.4:c.131A>G:p.(Asn44Ser),C17orf98,.,0.99,0.990465,.,.,rs201194773,0.061728396,0.01997,.,.,.,.,0.023218017,.,.,.,.,0.98193014,0.0,0.98193014,0.0007891492999999999,CONTRIBUTING_VARIANT
5,140222229,G,C,4275.8,PASS,0/1,294,missense_variant,PCDHA8:ENST00000378123.3:c.1323G>C:p.(Leu441Phe),PCDHA8,.,0.839,.,0.981,.,.,0.0,.,.,.,.,.,.,.,.,.,.,0.981,0.0,0.981,0.0007861577,CONTRIBUTING_VARIANT
1,12169632,A,G,515.8,PASS,0/1,75,missense_variant,TNFRSF8:ENST00000263932.2:c.431A>G:p.(Gln144Arg),TNFRSF8,.,0.039,.,0.981,.,.,0.0,.,.,.,.,.,.,.,.,.,.,0.981,0.0,0.981,0.0007861577,CONTRIBUTING_VARIANT
1,112020722,G,A,1356.8,PASS,0/1,104,missense_variant,C1orf162:ENST00000343534.5:c.445G>A:p.(Ala149Thr),C1orf162,.,0.046,.,0.981,.,rs1442726562,0.0007963811999999999,.,.,.,.,.,.,.,.,.,.,0.98089415,0.0,0.98089415,0.0007858178999999999,CONTRIBUTING_VARIANT
22,51042937,G,C,11.1,PASS,0/1,15,missense_variant,MAPK8IP2:ENST00000008876.5:c.400G>C:p.(Gly134Arg),MAPK8IP2,.,0.123,.,0.98,.,.,0.0,.,.,.,.,.,.,.,.,.,.,0.98,0.0,0.98,0.00078295404,CONTRIBUTING_VARIANT
3,115395307,C,A,1378.8,PASS,0/1,120,missense_variant,GAP43:ENST00000305124.6:c.478C>A:p.(Pro160Thr),GAP43,.,0.129,0.896999,0.979,.,rs1198847526,0.01830161,.,.,.,.,.,.,.,.,.,.,0.9765529000000001,0.0,0.9765529000000001,0.0007720101,CONTRIBUTING_VARIANT
12,54893212,A,G,454.8,PASS,0/1,39,missense_variant,NCKAP1L:ENST00000293373.6:c.176A>G:p.(Asn59Ser),NCKAP1L,.,0.012,.,0.978,.,rs1178277378,0.011595547,.,.,.,.,.,.,.,.,.,.,0.97645634,0.0,0.97645634,0.0007717058,CONTRIBUTING_VARIANT
11,63320497,A,G,715.8,PASS,0/1,70,missense_variant,PLAAT2:ENST00000255695.1:c.428T>C:p.(Leu143Pro),PLAAT2,.,0.202,.,0.976,.,.,0.0,.,.,.,.,.,.,.,.,.,.,0.976,0.0,0.976,0.0007702691400000001,CONTRIBUTING_VARIANT
9,117848659,C,T,1588.8,PASS,0/1,132,missense_variant,TNC:ENST00000340094.3:c.1351G>A:p.(Glu451Lys),TNC,.,0.006,.,0.978,.,rs369887990,0.0454,.,.,0.0454,0.019238168,.,.,.,0.0029976019,.,.,0.97185266,0.0009811417999999999,0.97185266,0.0007672120699999999,CONTRIBUTING_VARIANT
17,60758423,T,C,1510.8,PASS,0/1,110,missense_variant,MRC2:ENST00000303375.5:c.2635T>C:p.(Phe879Leu),MRC2,.,0.004,0.982081,0.0,.,rs563343517,0.06165228,0.0,.,.,.,.,0.011745361,.,.,.,.,0.9736292,0.0,0.9736292,0.0007628478299999999,CONTRIBUTING_VARIANT
14,23586791,C,G,1617.8,PASS,0/1,125,missense_variant,CEBPE:ENST00000206513.5:c.751G>C:p.(Glu251Gln),CEBPE,.,0.053,0.976972,0.932,.,rs748972715,0.06165228,.,.,.,.,.,.,.,.,.,.,0.96856415,0.0004905708999999999,0.96856415,0.0007520891,CONTRIBUTING_VARIANT
19,58319895,C,T,1541.8,PASS,0/1,125,missense_variant,ZNF552:ENST00000391701.1:c.737G>A:p.(Gly246Glu),ZNF552,.,0.921,.,0.968,.,.,0.0,.,.,.,.,.,.,.,.,.,.,0.968,0.0,0.968,0.0007455121000000001,CONTRIBUTING_VARIANT
2,44066209,C,T,1042.8,PASS,0/1,110,missense_variant,ABCG8:ENST00000272286.2:c.17C>T:p.(Ala6Val),ABCG8,.,0.004,.,0.722,.,.,0.0,.,.,.,.,.,.,.,.,.,.,0.722,0.07549310000000001,0.722,0.00074000005,CONTRIBUTING_VARIANT
5,134305721,C,T,670.8,PASS,0/1,81,missense_variant,CATSPER3:ENST00000282611.6:c.191C>T:p.(Ala64Val),CATSPER3,.,0.513,.,0.97,.,rs779835422,0.06165228,.,.,.,.,.,0.01155535,.,0.0014983518,.,.,0.9616522,0.0,0.9616522,0.0007264350999999999,CONTRIBUTING_VARIANT
2,29093106,C,T,1277.8,PASS,0/1,104,missense_variant,TRMT61B:ENST00000306108.5:c.38G>A:p.(Cys13Tyr),TRMT61B,.,0.001,.,0.963,.,rs139225663,0.06165228,.,.,.,.,0.017992083,0.023696683,.,0.0015771876,.,.,0.9547124,0.0,0.9547124,0.0007061366,CONTRIBUTING_VARIANT
10,120789846,A,C,34.8,PASS,0/1,9,missense_variant,NANOS1:ENST00000425699.1:c.533A>C:p.(Glu178Ala),NANOS1,.,0.002,.,0.937,.,.,0.0,.,.,.,.,.,.,.,.,.,.,0.937,0.0009811417999999999,0.937,0.00066543015,CONTRIBUTING_VARIANT
14,105395132,G,A,1463.8,PASS,0/1,117,missense_variant,PLD4:ENST00000392593.4:c.331G>A:p.(Gly111Ser),PLD4,.,0.043,.,0.937,.,rs372617011,0.0032566926,.,.,.,.,.,.,.,0.0015674472,.,.,0.9365863000000001,0.0,0.9365863000000001,0.0006557527,CONTRIBUTING_VARIANT
17,10352327,G,A,922.8,PASS,0/1,74,missense_variant,MYH4:ENST00000255381.2:c.4219C>T:p.(His1407Tyr),MYH4,.,0.233,.,0.935,.,rs760199749,0.023132084,.,.,.,.,.,0.023132084,.,.,.,.,0.93203884,0.0,0.93203884,0.0006436865,CONTRIBUTING_VARIANT
6,133077073,C,T,1262.8,PASS,0/1,111,missense_variant,VNN2:ENST00000326499.6:c.446G>A:p.(Arg149His),VNN2,.,0.002,.,0.921,.,rs765105820,0.0264,.,.,.,.,.,.,.,0.0045051808,.,.,0.91766566,0.0,0.91766566,0.0006069887000000001,CONTRIBUTING_VARIANT
4,2956254,C,G,1642.8,PASS,0/1,125,missense_variant,NOP14:ENST00000314262.6:c.509G>C:p.(Gly170Ala),NOP14,.,0.341,.,0.917,.,.,0.0,.,.,.,.,.,.,.,.,.,.,0.917,0.0,0.917,0.0006053407,CONTRIBUTING_VARIANT
1,9780501,G,A,501.8,PASS,0/1,32,missense_variant,PIK3CD:ENST00000361110.2:c.1375G>A:p.(Gly459Arg),PIK3CD,.,0.015,.,0.912,.,rs1402217139,0.06165228,.,.,.,.,.,.,.,.,.,.,0.9041513000000001,0.0009811417999999999,0.9041513000000001,0.0005818866000000001,CONTRIBUTING_VARIANT
17,973284,C,T,844.8,PASS,0/1,97,missense_variant,ABR:ENST00000291107.2:c.830G>A:p.(Ser277Asn),ABR,.,0.004,0.906682,0.893,.,.,0.0,.,.,.,.,.,.,.,.,.,.,0.906682,0.0,0.906682,0.0005803609400000001,CONTRIBUTING_VARIANT
4,59387,C,G,345.8,PASS,0/1,480,missense_variant,ZNF595:ENST00000509152.2:c.68C>G:p.(Pro23Arg),ZNF595,.,0.739,.,0.906,.,rs758033495,0.069412306,.,.,.,.,.,0.069412306,.,.,.,.,0.8971870999999999,0.0,0.8971870999999999,0.0005582851,CONTRIBUTING_VARIANT
11,2427296,C,T,1185.8,PASS,0/1,93,missense_variant,TRPM5:ENST00000155858.6:c.3277G>A:p.(Gly1093Arg),TRPM5,.,0.489,.,0.896,.,rs752522660,0.0106079895,.,.,.,.,.,.,.,0.0106079895,.,.,0.89470685,0.0,0.89470685,0.000552658,CONTRIBUTING_VARIANT
11,67412290,C,T,1123.8,PASS,0/1,96,missense_variant,ACY3:ENST00000255082.3:c.685G>A:p.(Val229Met),ACY3,.,0.04,.,0.879,.,rs138039590,0.0229,.,.,0.0229,.,.,.,.,.,.,.,0.8762445,0.0,0.8762445,0.000512515,CONTRIBUTING_VARIANT
9,730143,A,G,1038.8,PASS,0/1,92,missense_variant,KANK1:ENST00000382293.3:c.2317A>G:p.(Thr773Ala),KANK1,.,.,.,0.866,.,.,0.0,.,.,.,.,.,.,.,.,.,.,0.866,0.0009811417999999999,0.866,0.00049792416,CONTRIBUTING_VARIANT
19,1058652,G,A,2184.8,PASS,0/1,192,missense_variant,ABCA7:ENST00000263094.6:c.5185G>A:p.(Val1729Met),ABCA7,.,0.063,.,0.849,.,rs1377268311,0.005798446,.,.,.,.,.,.,.,.,.,.,0.8483318000000001,0.0009811417999999999,0.8483318000000001,0.00046325535999999995,CONTRIBUTING_VARIANT
19,1754456,AGGC,A,40.7,PASS,0/1,6,inframe_deletion,ONECUT3:ENST00000382349.4:c.805_807del:p.(Gly269del),ONECUT3,.,.,.,.,.,.,0.0,.,.,.,.,.,.,.,.,.,.,0.85,0.0,0.85,0.00046041564000000003,CONTRIBUTING_VARIANT
19,17313762,G,GTGTCAA,1403.7,PASS,0/1,72,inframe_insertion,MYO9B:ENST00000602158.1:c.88_93dup:p.(Gln30_Cys31dup),MYO9B,.,.,.,.,.,rs1237155739,0.0007963811999999999,.,.,.,.,.,.,.,.,.,.,0.8499083000000001,0.0,0.8499083000000001,0.0004602431400000001,CONTRIBUTING_VARIANT
5,139227878,CGCG,C,31.7,PASS,0/1,7,disruptive_inframe_deletion,NRG2:ENST00000289409.4:c.2156_2158del:p.(Pro719del),NRG2,.,.,.,.,.,rs1237120834,0.0007963811999999999,.,.,.,.,.,.,.,.,.,.,0.8499083000000001,0.0,0.8499083000000001,0.0004602431400000001,CONTRIBUTING_VARIANT
18,20715728,TGGC,T,37.7,PASS,0/1,14,disruptive_inframe_deletion,CABLES1:ENST00000256925.7:c.18_20del:p.(Ala8del),CABLES1,.,.,.,.,.,rs1033781672,0.0055746688,.,.,.,.,.,.,.,.,.,.,0.84935695,0.0,0.84935695,0.0004592078,CONTRIBUTING_VARIANT
9,69423670,G,A,20.8,PASS,0/1,126,missense_variant,ANKRD20A4:ENST00000357336.3:c.1966G>A:p.(Glu656Lys),ANKRD20A4,.,0.0,.,0.849,.,rs200011192,0.0,.,.,.,.,.,.,.,.,.,.,0.8490000000000001,0.0,0.8490000000000001,0.00045853867999999997,CONTRIBUTING_VARIANT
4,40133480,CTTTAAGATA,C,734.7,PASS,0/1,58,inframe_deletion,N4BP2:ENST00000261435.6:c.4591_4599del:p.(Lys1531_Phe1533del),N4BP2,.,.,.,.,.,rs756414846,0.011571395,.,.,.,.,.,0.011571395,.,.,.,.,0.8486611999999999,0.0,0.8486611999999999,0.00045790453,CONTRIBUTING_VARIANT
6,16327864,GTGCTGCTGC,G,5112.7,PASS,-/1,281,disruptive_inframe_deletion,ATXN1:ENST00000244769.4:c.669_677del:p.(Gln223_Gln225del),ATXN1,.,.,.,.,.,rs1487970262,0.059728592999999996,.,.,.,.,.,.,.,.,.,.,0.84292006,0.0009811417999999999,0.84292006,0.00045312705,CONTRIBUTING_VARIANT
1,40704477,A,G,1285.8,PASS,0/1,107,missense_variant,RLF:ENST00000372771.4:c.4103A>G:p.(Glu1368Gly),RLF,.,0.073,0.721667,0.827,.,rs781090319,0.023169601,.,.,.,.,.,0.023169601,.,.,.,.,0.8243766,0.0,0.8243766,0.0004146608,CONTRIBUTING_VARIANT
10,129903563,G,T,2218.8,PASS,0/1,174,missense_variant,MKI67:ENST00000368653.3:c.5461C>A:p.(Pro1821Thr),MKI67,.,0.466,.,0.824,.,rs1441867774,0.0007963811999999999,.,.,.,.,.,.,.,.,.,.,0.82391113,0.0,0.82391113,0.00041387315000000004,CONTRIBUTING_VARIANT
3,75714935,C,A,33.8,PASS,0/1,342,missense_variant,FRG2C:ENST00000308062.3:c.592C>A:p.(Gln198Lys),FRG2C,.,0.142,.,0.811,.,rs78464633,0.0,.,.,.,.,.,.,.,.,.,.,0.8109999999999999,0.0,0.8109999999999999,0.00039261018,CONTRIBUTING_VARIANT
22,36691552,T,G,40.8,PASS,0/1,96,splice_region_variant,MYH9:ENST00000216181.5:c.3484A>C:p.(=),MYH9,.,.,.,.,.,.,0.0,.,.,.,.,.,.,.,.,.,.,0.8,0.0009811417999999999,0.8,0.00038025623999999995,CONTRIBUTING_VARIANT
2,172750709,T,A,929.8,PASS,0/1,72,splice_region_variant,SLC25A12:ENST00000263812.4:c.12+4A>T:p.?,SLC25A12,.,.,.,.,.,.,0.0,.,.,.,.,.,.,.,.,.,.,0.8,0.0004905708999999999,0.8,0.00037779936000000003,CONTRIBUTING_VARIANT
19,16308786,T,TCGCTGACGCCGCCACCGCCCTCGGC,144.7,PASS,0/1,35,splice_region_variant,AP1M1:ENST00000590263.1:c.-17+2_-17+3insCGCTGACGCCGCCACCGCCCTCGGC:p.(=),AP1M1,.,.,.,.,.,.,0.0,.,.,.,.,.,.,.,.,.,.,0.8,0.0,0.8,0.00037535836000000003,CONTRIBUTING_VARIANT
4,24585799,TCTC,T,232.7,PASS,0/1,15,splice_region_variant,DHX15:ENST00000511553.1:n.99+5_99+7del:,DHX15,.,.,.,.,.,.,0.0,.,.,.,.,.,.,.,.,.,.,0.8,0.0,0.8,0.00037535836000000003,CONTRIBUTING_VARIANT
4,80329243,G,C,622.8,PASS,0/1,56,missense_variant,GK2:ENST00000358842.3:c.112C>G:p.(His38Asp),GK2,.,0.219,.,0.8,.,.,0.0,.,.,.,.,.,.,.,.,.,.,0.8,0.0,0.8,0.00037535836000000003,CONTRIBUTING_VARIANT
17,51064612,A,G,708.8,PASS,0/1,63,splice_region_variant,LINC02876:ENST00000441889.1:c.280-4A>G:p.?,LINC02876,.,.,.,.,.,.,0.0,.,.,.,.,.,.,.,.,.,.,0.8,0.0,0.8,0.00037535836000000003,CONTRIBUTING_VARIANT
8,7398469,T,C,46.8,PASS,0/1,97,splice_region_variant,PRR23D1:ENST00000533250.1:c.140-5T>C:p.?,PRR23D1,.,.,.,.,.,.,0.0,.,.,.,.,.,.,.,.,.,.,0.8,0.0,0.8,0.00037535836000000003,CONTRIBUTING_VARIANT
1,160460908,C,A,795.8,PASS,0/1,95,splice_region_variant,SLAMF6:ENST00000368055.1:c.313+7G>T:p.?,SLAMF6,.,.,.,.,.,.,0.0,.,.,.,.,.,.,.,.,.,.,0.8,0.0,0.8,0.00037535836000000003,CONTRIBUTING_VARIANT
10,97175947,A,G,415.8,PASS,0/1,65,splice_region_variant,SORBS1:ENST00000474353.2:n.504-5T>C:,SORBS1,.,.,.,.,.,.,0.0,.,.,.,.,.,.,.,.,.,.,0.8,0.0,0.8,0.00037535836000000003,CONTRIBUTING_VARIANT
19,58609479,C,T,1897.8,PASS,0/1,174,splice_region_variant,ZSCAN18:ENST00000421612.2:c.-3+3G>A:p.(=),ZSCAN18,.,.,.,.,.,.,0.0,.,.,.,.,.,.,.,.,.,.,0.8,0.0,0.8,0.00037535836000000003,CONTRIBUTING_VARIANT
16,215020,C,A,133.8,PASS,0/1,18,splice_region_variant,HBZP1:ENST00000354915.3:n.301-7C>A:,HBZP1,.,.,.,.,.,rs1407050028,0.007963811999999999,.,.,.,.,.,.,.,.,.,.,0.7991344,0.0,0.7991344,0.00037403334999999997,CONTRIBUTING_VARIANT
12,9305555,A,T,1393.8,PASS,0/1,119,splice_region_variant,PZP:ENST00000261336.2:c.3994-8T>A:p.?,PZP,.,.,.,.,.,rs1477037942,0.011598236999999999,.,.,.,.,.,.,.,.,.,.,0.798737,0.0,0.798737,0.00037342662,CONTRIBUTING_VARIANT
7,102212911,T,C,484.8,PASS,0/1,521,splice_region_variant,POLR2J3:ENST00000379340.5:c.50+8A>G:p.?,POLR2J3,.,.,.,.,.,rs753080790,0.011622502,.,.,.,.,.,.,.,.,.,.,0.79873437,0.0,0.79873437,0.00037342262999999997,CONTRIBUTING_VARIANT
9,100849976,G,A,1896.8,PASS,0/1,150,missense_variant,TRIM14:ENST00000341469.2:c.1105C>T:p.(Leu369Phe),TRIM14,.,0.231,.,0.804,.,rs1428783025,0.061728396,.,.,.,.,.,.,.,.,.,.,0.797072,0.0,0.797072,0.0003708953,CONTRIBUTING_VARIANT
16,15227645,T,C,835.8,PASS,0/1,57,splice_region_variant,PKD1P6:ENST00000343738.6:n.2114+7A>G:,PKD1P6,.,.,.,.,.,rs555029339,0.04032258,0.03994,.,.,.,.,.,.,.,.,.,0.7955453,0.0,0.7955453,0.00036858927,CONTRIBUTING_VARIANT
1,153602980,G,A,1709.8,PASS,0/1,144,splice_region_variant,S100A1:ENST00000292169.1:c.-13-5G>A:p.(=),S100A1,.,.,.,.,.,rs117364408,0.046360686,0.01997,.,.,.,.,0.046360686,.,.,.,.,0.7948626,0.0,0.7948626,0.0003675628,CONTRIBUTING_VARIANT
1,55613477,C,T,1162.8,PASS,0/1,96,splice_region_variant,USP24:ENST00000294383.6:c.1969-6G>A:p.?,USP24,.,.,.,.,.,rs561329549,0.060197445999999995,0.01997,.,.,0.060197446,0.010695187,.,.,0.0018008284,0.0072066877,.,0.7932826,0.0,0.7932826,0.0003651979799999999,CONTRIBUTING_VARIANT
15,41289802,G,A,456.8,PASS,0/1,40,splice_region_variant,INO80:ENST00000361937.3:c.3498-3C>T:p.?,INO80,.,.,.,.,.,rs1207210225,0.061804697,.,.,.,.,.,.,.,.,.,.,0.7930977,0.0,0.7930977,0.00036492216,CONTRIBUTING_VARIANT
1,85573741,C,T,656.8,PASS,0/1,77,missense_variant,WDR63:ENST00000294664.6:c.1579C>T:p.(Pro527Ser),WDR63,.,0.028,.,0.791,.,.,0.0,.,.,.,.,.,.,.,.,.,.,0.7909999999999999,0.0,0.7909999999999999,0.00036180837,CONTRIBUTING_VARIANT
16,2903246,C,T,1700.8,PASS,0/1,150,missense_variant,PRSS22:ENST00000161006.3:c.802G>A:p.(Glu268Lys),PRSS22,.,0.207,.,0.782,.,rs1414561910,0.0007963811999999999,.,.,.,.,.,.,.,.,.,.,0.78191566,0.0,0.78191566,0.0003486272,CONTRIBUTING_VARIANT
3,151545709,G,A,1134.8,PASS,0/1,98,missense_variant,AADAC:ENST00000232892.7:c.949G>A:p.(Val317Met),AADAC,.,0.209,.,0.773,.,.,0.0,.,.,.,.,.,.,.,.,.,.,0.773,0.0,0.773,0.00033615765,CONTRIBUTING_VARIANT
19,54080460,G,A,1401.8,PASS,0/1,129,missense_variant,ZNF331:ENST00000253144.9:c.646G>A:p.(Glu216Lys),ZNF331,.,0.004,.,0.772,.,rs750567539,0.023191094,.,.,.,.,.,0.023121387,.,.,.,.,0.76954883,0.0,0.76954883,0.0003314514,CONTRIBUTING_VARIANT
13,100425083,C,T,370.8,PASS,0/1,45,missense_variant,CLYBL:ENST00000339105.4:c.68C>T:p.(Ala23Val),CLYBL,.,0.001,.,0.758,.,rs753043863,0.011560693,.,.,.,.,.,0.011560693,.,0.006007269,0.0062189056,.,0.7568071999999999,0.0,0.7568071999999999,0.0003146394,CONTRIBUTING_VARIANT
10,48388722,G,A,1549.8,PASS,0/1,137,missense_variant,RBP3:ENST00000224600.4:c.2156C>T:p.(Ala719Val),RBP3,.,.,.,.,.,rs375567540,0.07022472,.,.,.,.,.,0.07022472,.,.,.,.,0.5940929,0.049520355,0.5940929,0.0003113906,CONTRIBUTING_VARIANT
3,172491727,G,T,1062.8,PASS,0/1,82,missense_variant,ECT2:ENST00000232458.5:c.1370G>T:p.(Arg457Leu),ECT2,.,0.007,0.750114,0.672,.,.,0.0,.,.,.,.,.,.,.,.,.,.,0.7501140000000001,0.0,0.7501140000000001,0.00030615232999999995,CONTRIBUTING_VARIANT
5,157171035,T,C,343.8,PASS,0/1,35,missense_variant,LSM11:ENST00000286307.5:c.277T>C:p.(Ser93Pro),LSM11,.,0.013,.,0.729,.,.,0.0,.,.,.,.,.,.,.,.,.,.,0.7290000000000001,0.0,0.7290000000000001,0.00028085036,CONTRIBUTING_VARIANT
11,119216563,G,T,969.8,PASS,0/1,101,missense_variant,MFRP:ENST00000360167.4:c.347C>A:p.(Thr116Asn),MFRP,.,.,.,0.70500004,.,.,0.0,.,.,.,.,.,.,.,.,.,.,0.70500004,0.0004905708999999999,0.70500004,0.00025627506,CONTRIBUTING_VARIANT
11,5878767,G,C,560.8,PASS,0/1,77,missense_variant,OR52E8:ENST00000537935.1:c.166C>G:p.(Gln56Glu),OR52E8,.,0.028,.,0.698,.,rs760317618,0.06321113,.,.,.,.,.,0.046349943,.,.,.,.,0.6918363000000001,0.0,0.6918363000000001,0.00024128669999999997,CONTRIBUTING_VARIANT
22,46704644,C,G,1372.8,PASS,0/1,104,missense_variant,GTSE1:ENST00000454366.1:c.566C>G:p.(Ala189Gly),GTSE1,.,.,.,0.675,.,rs760795052,0.017554125,.,.,.,.,.,0.011868028,.,.,.,.,0.6733823,0.0,0.6733823,0.00022376311000000003,CONTRIBUTING_VARIANT
10,93389814,C,G,953.8,PASS,0/1,118,missense_variant,PPP1R3C:ENST00000238994.5:c.824G>C:p.(Cys275Ser),PPP1R3C,.,0.0,.,0.658,.,rs535188567,0.019969999999999998,0.01997,.,.,0.009609841,.,.,.,.,.,.,0.6562038,0.0,0.6562038,0.00020859619999999998,CONTRIBUTING_VARIANT
22,37882109,T,C,1951.8,PASS,0/1,134,missense_variant,MFNG:ENST00000356998.3:c.107A>G:p.(Gln36Arg),MFNG,.,0.001,.,0.648,.,rs1329380227,0.0031855247999999997,.,.,.,.,.,.,.,.,.,.,0.64772016,0.0,0.64772016,0.00020148956000000002,CONTRIBUTING_VARIANT
17,26085927,C,T,595.8,PASS,0/1,75,missense_variant,NOS2:ENST00000313735.6:c.3334G>A:p.(Asp1112Asn),NOS2,.,0.004,.,0.646,.,rs188223236,0.019969999999999998,0.01997,.,.,.,.,.,.,.,.,.,0.64423656,0.0,0.64423656,0.00019864198,CONTRIBUTING_VARIANT
17,80879404,C,G,479.8,PASS,0/1,73,missense_variant,TBCD:ENST00000355528.4:c.2129C>G:p.(Thr710Ser),TBCD,.,0.021,.,0.397,.,rs1312478686,0.06165228,.,.,.,.,.,.,.,.,.,.,0.39358342,0.07549310000000001,0.39358342,0.00019345923,CONTRIBUTING_VARIANT
15,102358499,C,G,748.8,PASS,0/1,57,missense_variant,OR4F15:ENST00000332238.4:c.110C>G:p.(Ala37Gly),OR4F15,.,0.02,.,0.61899996,.,rs189042619,0.046242774,0.01997,.,.,.,.,0.046242774,.,.,.,.,0.6150353,0.0,0.6150353,0.00017630060000000002,CONTRIBUTING_VARIANT
2,241448795,G,A,771.8,PASS,0/1,89,missense_variant,ANKMY1:ENST00000391988.2:c.385C>T:p.(Leu129Phe),ANKMY1,.,.,.,.,.,.,0.0,.,.,.,.,.,.,.,.,.,.,0.6,0.0,0.6,0.00016579578999999998,CONTRIBUTING_VARIANT
19,40847753,C,T,903.8,PASS,0/1,121,missense_variant,C19orf47:ENST00000357884.4:c.40G>A:p.(Asp14Asn),C19orf47,.,.,.,.,.,.,0.0,.,.,.,.,.,.,.,.,.,.,0.6,0.0,0.6,0.00016579578999999998,CONTRIBUTING_VARIANT
6,37443205,A,T,12.1,PASS,0/1,38,missense_variant,CMTR1:ENST00000475364.1:c.266A>T:p.(Gln89Leu),CMTR1,.,.,.,.,.,.,0.0,.,.,.,.,.,.,.,.,.,.,0.6,0.0,0.6,0.00016579578999999998,CONTRIBUTING_VARIANT
14,19990603,T,C,13.0,PASS,0/1,36,missense_variant,POTEM:ENST00000551509.1:c.1472A>G:p.(Asp491Gly),POTEM,.,.,.,.,.,.,0.0,.,.,.,.,.,.,.,.,.,.,0.6,0.0,0.6,0.00016579578999999998,CONTRIBUTING_VARIANT
15,45980572,A,C,700.8,PASS,0/1,57,missense_variant,SQOR:ENST00000565997.1:c.160A>C:p.(Asn54His),SQOR,.,.,.,.,.,.,0.0,.,.,.,.,.,.,.,.,.,.,0.6,0.0,0.6,0.00016579578999999998,CONTRIBUTING_VARIANT
5,112227706,A,G,15.9,PASS,0/1,14,missense_variant,ZRSR2P1:ENST00000391338.1:c.370A>G:p.(Arg124Gly),ZRSR2P1,.,.,.,.,.,.,0.0,.,.,.,.,.,.,.,.,.,.,0.6,0.0,0.6,0.00016579578999999998,CONTRIBUTING_VARIANT
10,37890935,A,T,485.8,PASS,0/1,41,missense_variant,MTRNR2L7:ENST00000544824.1:c.38T>A:p.(Ile13Asn),MTRNR2L7,.,.,.,.,.,rs1410884436,0.0066800267,.,.,.,.,.,.,.,.,.,.,0.5994558000000001,0.0,0.5994558000000001,0.0001654275,CONTRIBUTING_VARIANT
1,144815950,G,C,28.7,PASS,0/1,8,missense_variant,NBPF9:ENST00000338347.4:c.547G>C:p.(Asp183His),NBPF9,.,.,.,.,.,rs782292103,0.01466921,.,.,.,.,.,.,.,.,.,.,0.5988001000000001,0.0,0.5988001000000001,0.00016498491000000001,CONTRIBUTING_VARIANT
1,145304544,C,G,576.8,PASS,0/1,249,missense_variant,NBPF10:ENST00000342960.5:c.1477C>G:p.(Gln493Glu),NBPF10,.,.,.,.,.,rs781964907,0.017401391999999998,.,.,.,.,.,.,.,.,.,.,0.59857464,0.0,0.59857464,0.00016483298,CONTRIBUTING_VARIANT
17,7216325,G,A,444.8,PASS,0/1,49,missense_variant,GPS2:ENST00000574458.1:c.178C>T:p.(Pro60Ser),GPS2,.,.,.,.,.,rs781481038,0.017519271,.,.,.,.,0.017519271,.,.,0.0015815778,.,.,0.5985649000000001,0.0,0.5985649000000001,0.00016482644,CONTRIBUTING_VARIANT
16,30018483,C,G,2014.8,PASS,0/1,165,missense_variant,DOC2A:ENST00000564357.1:c.92G>C:p.(Gly31Ala),DOC2A,.,.,.,.,.,rs557405576,0.019969999999999998,0.01997,.,.,.,.,.,.,.,.,.,0.59836215,0.0,0.59836215,0.00016468993000000003,CONTRIBUTING_VARIANT
8,86250364,C,A,105.8,PASS,0/1,11,missense_variant,CA1:ENST00000517429.1:c.240G>T:p.(Leu80Phe),CA1,.,.,.,.,.,rs777989325,0.024390243,.,.,.,.,.,0.024390243,.,.,.,.,0.5979952,0.0,0.5979952,0.0001644432,CONTRIBUTING_VARIANT
18,43314308,G,A,1194.8,PASS,0/1,95,missense_variant,SLC14A1:ENST00000590377.1:c.134G>A:p.(Arg45Gln),SLC14A1,.,.,.,.,.,rs145134908,0.0454,.,.,0.0454,0.009609841,.,.,.,0.0014983967,.,.,0.59622866,0.0,0.59622866,0.00016326049999999999,CONTRIBUTING_VARIANT
1,144189177,C,T,320.8,PASS,0/1,42,missense_variant,NBPF8:ENST00000369365.3:c.5915C>T:p.(Thr1972Met),NBPF8,.,.,.,.,.,rs199902768,0.07324219,.,.,.,.,.,.,.,.,.,.,0.59382963,0.0,0.59382963,0.00016166797,CONTRIBUTING_VARIANT
4,75938097,T,C,1465.8,PASS,0/1,108,missense_variant,PARM1:ENST00000307428.7:c.506T>C:p.(Phe169Ser),PARM1,.,0.001,.,0.595,.,rs748902510,0.018248174,.,.,.,.,.,.,.,.,.,.,0.5935170999999999,0.0,0.5935170999999999,0.00016146166000000002,CONTRIBUTING_VARIANT
17,16326160,C,T,1741.8,PASS,0/1,188,missense_variant,TRPV2:ENST00000455666.1:c.454C>T:p.(Arg152Trp),TRPV2,.,.,.,.,.,rs771199457,0.07716049,.,.,.,.,.,0.07022472,.,0.0076359194,.,.,0.59348667,0.0,0.59348667,0.00016144157,CONTRIBUTING_VARIANT
18,44543368,G,A,13.9,PASS,0/1,424,missense_variant,ELOA3D:ENST00000591973.2:c.1004C>T:p.(Pro335Leu),ELOA3D,.,.,.,.,.,rs750643844,0.08726004,.,.,.,.,.,.,.,.,.,.,0.59259635,0.0,0.59259635,0.00016085533000000001,CONTRIBUTING_VARIANT
15,90210318,G,A,877.8,PASS,0/1,73,missense_variant,PLIN1:ENST00000300055.5:c.1058C>T:p.(Ala353Val),PLIN1,.,0.012,.,.,.,rs551819178,0.06165228,0.01997,.,.,0.009635768,.,0.034762457,.,0.0030067954,0.018170806,.,0.011896728,0.1593808,0.011896728,0.00012324403999999998,CONTRIBUTING_VARIANT
22,30975161,C,T,949.8,PASS,0/1,98,missense_variant,PES1:ENST00000335214.6:c.1469G>A:p.(Arg490Gln),PES1,.,.,.,0.45999998,.,rs781347061,0.009094216,.,.,.,.,0.009094216,.,.,.,.,.,0.45943123,0.0,0.45943123,9.335142e-05,CONTRIBUTING_VARIANT
14,20296515,A,C,345.8,PASS,0/1,162,missense_variant,OR4N2:ENST00000315947.1:c.908A>C:p.(Asn303Thr),OR4N2,.,0.001,.,0.43,.,.,0.0,.,.,.,.,.,.,.,.,.,.,0.43,0.0,0.43,8.277333000000001e-05,CONTRIBUTING_VARIANT
16,30913489,G,A,289.8,PASS,0/1,32,missense_variant,CTF1:ENST00000279804.2:c.235G>A:p.(Ala79Thr),CTF1,.,0.024,.,0.42299998,.,.,0.0,.,.,.,.,.,.,.,.,.,.,0.42299998,0.0,0.42299998,8.043918e-05,CONTRIBUTING_VARIANT
4,47538519,C,G,1258.8,PASS,0/1,97,missense_variant,ATP10D:ENST00000273859.3:c.1081C>G:p.(His361Asp),ATP10D,.,0.004,.,0.385,.,rs1432966142,0.0007963811999999999,.,.,.,.,.,.,.,.,.,.,0.38495845,0.0,0.38495845,6.885824e-05,CONTRIBUTING_VARIANT
12,72027984,T,C,743.8,PASS,0/1,77,missense_variant,ZFC3H1:ENST00000378743.3:c.2461A>G:p.(Met821Val),ZFC3H1,.,0.001,.,0.329,.,rs146256815,0.04059383,.,0.0121,.,.,.,.,.,0.007501425,.,.,0.3271554,0.0,0.3271554,5.4371623e-05,CONTRIBUTING_VARIANT
1,231557316,C,A,927.8,PASS,0/1,74,missense_variant,EGLN1:ENST00000366641.3:c.319G>T:p.(Ala107Ser),EGLN1,.,0.01,.,0.22799999,.,rs531081279,0.061728396,0.01997,.,.,.,.,.,.,.,.,.,0.22603531,0.0009811417999999999,0.22603531,3.6437006e-05,CONTRIBUTING_VARIANT
15,87217648,C,G,587.8,PASS,0/1,78,missense_variant,AGBL1:ENST00000389298.3:c.2257C>G:p.(Leu753Val),AGBL1,.,0.17,.,.,.,rs746390210,0.06203474,.,.,.,.,.,0.03567182,.,.,.,.,0.16852762,0.0009811417999999999,0.16852762,2.8805823999999997e-05,CONTRIBUTING_VARIANT
15,65234719,G,A,1262.8,PASS,0/1,133,missense_variant,ANKDD1A:ENST00000357698.3:c.923G>A:p.(Arg308Gln),ANKDD1A,.,0.028,.,0.139,.,rs758673713,0.09507963,.,.,.,.,.,0.09507963,.,.,0.012825445,.,0.13712367,0.0,0.13712367,2.5009975e-05,CONTRIBUTING_VARIANT
11,114401600,C,G,1383.8,PASS,0/1,85,missense_variant,NXPE1:ENST00000424269.1:c.130G>C:p.(Val44Leu),NXPE1,.,0.001,.,.,.,rs757880682,0.0132,.,.,.,.,.,.,.,.,.,.,0.0009982017999999998,0.0,0.0009982017999999998,1.4339034999999998e-05,CONTRIBUTING_VARIANT
4,1806119,G,A,1925.8,PASS,0/1,152,missense_variant,FGFR3:ENST00000260795.2:c.1138G>A:p.(Gly380Arg),FGFR3,.,0.819,1.0,0.986,.,rs28931614,0.0007963811999999999,.,.,.,.,.,.,.,.,.,.,1.0,1.0,0.9956969999999999,0.9978299999999999,CONTRIBUTING_VARIANT
4,1808901,C,G,1961.8,PASS,0/1,151,missense_variant,FGFR3:ENST00000260795.2:c.2333C>G:p.(Pro778Arg),FGFR3,.,0.046,1.0,.,.,rs1300271691,0.06165228,.,.,.,.,.,.,.,.,.,.,0.991394,1.0,0.9956969999999999,0.9978299999999999,CONTRIBUTING_VARIANT
11,71940249,G,A,710.8,PASS,0/1,97,missense_variant,INPPL1:ENST00000298229.2:c.634G>A:p.(Ala212Thr),INPPL1,.,0.009,.,0.56700003,.,rs17847214,0.16252612,0.01997,0.0116,.,.,0.008701705,0.16252612,.,0.0015232293,.,.,0.5534584,0.6400865,0.7763357,0.6170215,CONTRIBUTING_VARIANT
11,71942543,T,C,628.8,PASS,0/1,55,missense_variant,INPPL1:ENST00000298229.2:c.1499T>C:p.(Ile500Thr),INPPL1,.,0.891,1.0,0.998,.,rs1322818679,0.0057977736,.,.,.,.,.,.,.,.,.,.,0.99921304,0.6400865,0.7763357,0.6170215,CONTRIBUTING_VARIANT
2,179401293,C,T,695.8,PASS,0/1,73,missense_variant,TTN:ENST00000342175.6:c.73562G>A:p.(Gly24521Asp),TTN,.,0.447,0.944416,0.986,.,rs770179598,0.0625,.,.,.,.,.,0.03632841,.,.,.,.,0.9773940999999999,0.41889012,0.9767655999999999,0.16412713,CONTRIBUTING_VARIANT
2,179638227,A,G,1701.8,PASS,0/1,117,missense_variant,TTN:ENST00000342175.6:c.7418T>C:p.(Val2473Ala),TTN,.,0.894,0.982484,0.76,.,rs372361514,0.046630915,.,0.0116,.,.,.,0.046630915,.,.,.,.,0.97613704,0.41889012,0.9767655999999999,0.16412713,CONTRIBUTING_VARIANT
6,152472791,G,A,1402.8,PASS,0/1,123,missense_variant,SYNE1:ENST00000265368.4:c.24347C>T:p.(Ala8116Val),SYNE1,.,0.934,1.0,0.945,.,rs781159250,0.06165228,.,.,.,.,.,0.035310734,.,0.0030536216,.,.,0.991394,0.33244288,0.7204236999999999,0.021497015,CONTRIBUTING_VARIANT
6,152734532,C,T,1445.8,PASS,0/1,99,missense_variant,SYNE1:ENST00000265368.4:c.6185G>A:p.(Arg2062His),SYNE1,.,0.001,.,0.45,.,rs542032376,0.00893389,.,.,.,.,.,.,.,.,.,.,0.44945347,0.33244288,0.7204236999999999,0.021497015,CONTRIBUTING_VARIANT
2,121747840,G,T,1062.8,PASS,0/1,110,missense_variant,GLI2:ENST00000361492.4:c.4350G>T:p.(Gln1450His),GLI2,.,0.972,1.0,0.999,.,rs201523549,0.08126306,0.03994,.,.,.,.,0.08126306,.,.,.,.,0.9885434000000001,0.20944506,0.98682857,0.012676733999999999,CONTRIBUTING_VARIANT
2,121748112,C,A,1396.8,PASS,0/1,100,missense_variant,GLI2:ENST00000361492.4:c.4622C>A:p.(Ser1541Tyr),GLI2,.,0.998,1.0,1.0,.,rs199887024,0.104359925,0.0599,.,.,.,.,0.103998154,.,.,.,.,0.9851136999999999,0.20944506,0.98682857,0.012676733999999999,CONTRIBUTING_VARIANT
2,176982047,A,AGT,1434.7,PASS,0/1,96,frameshift_variant,HOXD10:ENST00000249501.4:c.486_487insGT:p.(Thr163Valfs*40),HOXD10,.,.,.,.,.,rs776572913,0.06381251,.,.,.,.,.,.,.,.,.,.,0.9910827,0.11936867,0.9906789,0.003949711,CONTRIBUTING_VARIANT
2,176982048,ACC,A,1431.7,PASS,0/1,95,frameshift_truncation,HOXD10:ENST00000249501.4:c.489_490del:p.(Gln164Argfs*4),HOXD10,.,.,.,.,.,rs748039614,0.06939625,.,.,.,.,.,0.06939625,.,.,.,.,0.990275,0.11936867,0.9906789,0.003949711,CONTRIBUTING_VARIANT
7,151875100,T,TTAAAAAA,240.9,PASS,0/1,22,splice_region_variant,KMT2C:ENST00000262189.6:c.7443-6_7443-5insTTTTTTA:p.?,KMT2C,.,.,.,.,.,rs1491309235,0.0,.,.,.,.,.,.,.,.,.,.,0.8,0.07549310000000001,0.8987801999999999,0.0015228045000000002,CONTRIBUTING_VARIANT
7,151878748,C,T,742.8,PASS,0/1,69,missense_variant,KMT2C:ENST00000262189.6:c.6197G>A:p.(Arg2066Gln),KMT2C,.,0.992,0.974393,0.998,.,rs587778498,0.003248863,.,.,.,.,.,.,.,.,.,.,0.9975605,0.07549310000000001,0.8987801999999999,0.0015228045000000002,CONTRIBUTING_VARIANT
5,71493422,C,G,1072.8,PASS,0/1,86,missense_variant,MAP1B:ENST00000296755.7:c.4240C>G:p.(Leu1414Val),MAP1B,.,0.53,.,1.0,.,.,0.0,.,.,.,.,.,.,.,.,.,.,1.0,0.0,1.0,0.0008495786999999999,CONTRIBUTING_VARIANT
5,71494190,C,G,1294.8,PASS,0/1,102,missense_variant,MAP1B:ENST00000296755.7:c.5008C>G:p.(Pro1670Ala),MAP1B,.,0.048,0.999992,1.0,.,.,0.0,.,.,.,.,.,.,.,.,.,.,1.0,0.0,1.0,0.0008495786999999999,CONTRIBUTING_VARIANT
6,27114502,C,T,555.8,PASS,0/1,368,missense_variant,H2BC12:ENST00000356950.1:c.76G>A:p.(Asp26Asn),H2BC12,.,0.0,.,0.992,.,rs1196575233,0.0007963811999999999,.,.,.,.,.,.,.,.,.,.,0.99189293,0.0,0.9949465000000001,0.0008322275999999999,CONTRIBUTING_VARIANT
6,27114505,T,G,528.8,PASS,0/1,362,missense_variant,H2BC12:ENST00000356950.1:c.73A>C:p.(Lys25Gln),H2BC12,.,0.023,.,0.998,.,.,0.0,.,.,.,.,.,.,.,.,.,.,0.998,0.0,0.9949465000000001,0.0008322275999999999,CONTRIBUTING_VARIANT
9,117840405,C,T,1215.8,PASS,0/1,123,missense_variant,TNC:ENST00000340094.3:c.2491G>A:p.(Asp831Asn),TNC,.,0.99,1.0,0.996,.,rs199896561,0.18518518,0.03994,0.0116,.,.,.,0.15039334,.,0.009015236,.,.,0.97246826,0.0004905708999999999,0.97216046,0.0007632156,CONTRIBUTING_VARIANT
9,117848659,C,T,1588.8,PASS,0/1,132,missense_variant,TNC:ENST00000340094.3:c.1351G>A:p.(Glu451Lys),TNC,.,0.006,.,0.978,.,rs369887990,0.0454,.,.,0.0454,0.019238168,.,.,.,0.0029976019,.,.,0.97185266,0.0004905708999999999,0.97216046,0.0007632156,CONTRIBUTING_VARIANT
17,27239526,C,G,2212.8,PASS,0/1,185,missense_variant,PHF12:ENST00000268756.3:c.2063G>C:p.(Arg688Pro),PHF12,.,0.855,0.999926,0.985,.,.,0.0,.,.,.,.,.,.,.,.,.,.,0.999926,0.0,0.9492040999999999,0.0006904294,CONTRIBUTING_VARIANT
17,27278595,A,AC,1466.7,PASS,0/1,97,frameshift_elongation,PHF12:ENST00000584685.1:c.27dup:p.(Tyr10Valfs*59),PHF12,.,.,.,.,.,rs536927310,0.5597015000000001,0.0599,.,.,.,.,.,.,.,.,.,0.89848214,0.0,0.9492040999999999,0.0006904294,CONTRIBUTING_VARIANT
3,195507593,T,G,3280.8,PASS,0/1,391,missense_variant,MUC4:ENST00000462323.1:c.10858A>C:p.(Thr3620Pro),MUC4,.,.,.,0.915,.,rs774239253,0.13440861,.,.,.,.,.,.,.,.,.,.,0.8971861999999999,0.0,0.9480931,0.0006873039999999999,CONTRIBUTING_VARIANT
3,195510214,G,T,11.1,PASS,0/1,80,missense_variant,MUC4:ENST00000462323.1:c.8237C>A:p.(Ser2746Tyr),MUC4,.,.,.,0.999,.,rs201340702,0.0,.,.,.,.,.,.,.,.,.,.,0.9990000000000001,0.0,0.9480931,0.0006873039999999999,CONTRIBUTING_VARIANT
20,61942821,C,T,1747.8,PASS,0/1,156,missense_variant,COL20A1:ENST00000326996.6:c.1469C>T:p.(Ser490Leu),COL20A1,.,0.488,.,0.89100003,.,rs754774789,0.05186722,.,.,.,0.034746353,.,0.05186722,.,0.012615113,.,.,0.88458085,0.0,0.9377904,0.0006589853,CONTRIBUTING_VARIANT
20,61945521,G,A,1125.8,PASS,0/1,105,missense_variant,COL20A1:ENST00000326996.6:c.2456G>A:p.(Arg819Lys),COL20A1,.,.,.,0.991,.,.,0.0,.,.,.,.,.,.,.,.,.,.,0.991,0.0,0.9377904,0.0006589853,CONTRIBUTING_VARIANT
14,20444458,C,T,1442.8,PASS,0/1,97,missense_variant,OR4K15:ENST00000305051.5:c.781C>T:p.(Arg261Cys),OR4K15,.,0.052,.,0.994,.,rs755366458,0.11013216,.,.,.,.,.,0.09248555,.,.,.,0.11013216,0.97833866,0.0,0.9194100000000001,0.0006113284,CONTRIBUTING_VARIANT
14,20444558,T,A,895.8,PASS,0/1,107,missense_variant,OR4K15:ENST00000305051.5:c.881T>A:p.(Val294Asp),OR4K15,.,0.866,.,0.999,.,rs140228862,0.7053654,0.13980001,0.0116,.,.,.,0.7053654,.,0.00449937,0.0060562016,.,0.8604813,0.0,0.9194100000000001,0.0006113284,CONTRIBUTING_VARIANT
1,15679465,AAC,A,1616.7,PASS,0/1,89,frameshift_truncation,FHAD1:ENST00000314740.8:c.241_242del:p.(Thr81Glnfs*18),FHAD1,.,.,.,.,.,rs1275284812,0.0015927623999999999,.,.,.,.,.,.,.,.,.,.,0.99978423,0.0,0.9183921,0.0006087923,CONTRIBUTING_VARIANT
1,15694004,T,G,27.8,PASS,0/1,135,missense_variant,FHAD1:ENST00000314668.9:c.839T>G:p.(Val280Gly),FHAD1,.,0.006,.,0.837,.,.,0.0,.,.,.,.,.,.,.,.,.,.,0.8370000000000001,0.0,0.9183921,0.0006087923,CONTRIBUTING_VARIANT
9,116222583,A,G,13.9,PASS,0/1,16,missense_variant,RGS3:ENST00000350696.5:c.47A>G:p.(Gln16Arg),RGS3,.,0.069,.,1.0,.,rs1345015853,0.006229753,.,.,.,.,.,.,.,.,.,.,0.99915427,0.0,0.89097416,0.00054429617,CONTRIBUTING_VARIANT
9,116359099,G,A,1076.8,PASS,0/1,105,missense_variant,RGS3:ENST00000342620.5:c.373G>A:p.(Val125Ile),RGS3,.,0.049,.,0.814,.,rs199640312,0.24941996,0.0599,.,.,.,.,0.15088208,.,0.0045395396,0.018456995,.,0.7827940999999999,0.0,0.89097416,0.00054429617,CONTRIBUTING_VARIANT
9,711962,G,A,1731.8,PASS,0/1,148,missense_variant,KANK1:ENST00000382293.3:c.722G>A:p.(Arg241Gln),KANK1,.,0.295,.,0.996,.,rs114784029,0.6165228,0.03994,.,.,.,.,0.35821587,.,.,0.030281007,.,0.88109595,0.0009811417999999999,0.873548,0.0005135145,CONTRIBUTING_VARIANT
9,730143,A,G,1038.8,PASS,0/1,92,missense_variant,KANK1:ENST00000382293.3:c.2317A>G:p.(Thr773Ala),KANK1,.,.,.,0.866,.,.,0.0,.,.,.,.,.,.,.,.,.,.,0.866,0.0009811417999999999,0.873548,0.0005135145,CONTRIBUTING_VARIANT
12,111948306,G,A,1723.8,PASS,0/1,153,missense_variant,ATXN2:ENST00000377617.3:c.2119C>T:p.(Leu707Phe),ATXN2,.,0.75,0.999866,0.997,.,rs183256854,0.13866420000000002,0.01997,.,.,.,.,0.1386642,.,.,.,.,0.9797399,0.0004905708999999999,0.86085427,0.00048441785999999993,CONTRIBUTING_VARIANT
12,112036750,G,GGCGGCT,839.7,PASS,0/1,171,inframe_insertion,ATXN2:ENST00000483311.1:c.325_330dup:p.(Ser109_Arg110dup),ATXN2,.,.,.,.,.,rs771196268,0.66225165,.,.,.,.,.,.,.,.,.,.,0.7419687,0.0004905708999999999,0.86085427,0.00048441785999999993,CONTRIBUTING_VARIANT
15,84611451,G,A,2106.8,PASS,0/1,156,missense_variant,ADAMTSL3:ENST00000286744.5:c.2221G>A:p.(Glu741Lys),ADAMTSL3,.,0.622,0.971101,0.905,.,rs77587097,0.32543004,0.07987,.,.,.,.,0.3033839,.,.,.,.,0.92055374,0.0,0.85317314,0.00046642212,CONTRIBUTING_VARIANT
15,84685128,T,C,458.7,PASS,0/1,51,splice_region_variant,ADAMTSL3:ENST00000286744.5:c.4157-7T>C:p.?,ADAMTSL3,.,.,.,.,.,rs63362361,0.12330456,.,.,.,0.009767532,.,0.023546033,.,0.02893871,0.0061432607,0.11286682,0.7857926,0.0,0.85317314,0.00046642212,CONTRIBUTING_VARIANT
4,71063633,C,G,484.8,PASS,0/1,49,splice_region_variant,ODAM:ENST00000396094.2:c.142-8C>G:p.?,ODAM,.,.,.,.,.,rs376631325,0.33003299999999997,0.01997,.,.,.,.,0.330033,.,.,.,.,0.75766724,0.0,0.8528645,0.00046583447999999996,CONTRIBUTING_VARIANT
4,71063761,C,T,1259.8,PASS,0/1,100,missense_variant,ODAM:ENST00000396094.2:c.262C>T:p.(Pro88Ser),ODAM,.,0.999,.,1.0,.,rs373877978,0.32482597,0.01997,.,.,.,.,0.32482597,.,.,.,.,0.9480617,0.0,0.8528645,0.00046583447999999996,CONTRIBUTING_VARIANT
9,69420392,C,T,1245.8,PASS,0/1,279,stop_gained,ANKRD20A4:ENST00000357336.3:c.1282C>T:p.(Gln428*),ANKRD20A4,.,.,1.0,.,.,rs201457457,0.89692914,.,.,.,0.057051573,.,0.74227303,0.89692914,0.045497384,0.012335019,0.11709602,0.8034924,0.0,0.8262461999999999,0.00041783985,CONTRIBUTING_VARIANT
9,69423670,G,A,20.8,PASS,0/1,126,missense_variant,ANKRD20A4:ENST00000357336.3:c.1966G>A:p.(Glu656Lys),ANKRD20A4,.,0.0,.,0.849,.,rs200011192,0.0,.,.,.,.,.,.,.,.,.,.,0.8490000000000001,0.0,0.8262461999999999,0.00041783985,CONTRIBUTING_VARIANT
3,25679805,T,TAAAAAAAAAAAAAAAAA,658.7,PASS,1/1,40,splice_region_variant,TOP2B:ENST00000264331.4:c.396-5_396-4insTTTTTTTTTTTTTTTTT:p.?,TOP2B,.,.,.,.,.,.,0.0,.,.,.,.,.,.,.,.,.,.,0.8,0.0,0.8,0.00037535836000000003,CONTRIBUTING_VARIANT
19,23032102,G,GT,44.7,PASS,1/1,2,splice_region_variant,ZNF723:ENST00000600766.1:n.405+7_405+8insT:,ZNF723,.,.,.,.,.,.,0.0,.,.,.,.,.,.,.,.,.,.,0.8,0.0,0.8,0.00037535836000000003,CONTRIBUTING_VARIANT
7,64646840,C,G,743.8,PASS,1/1,30,splice_region_variant,INTS4P1:ENST00000297235.5:n.1088C>G:,INTS4P1,.,.,.,.,.,rs1179574230,0.0047782879999999995,.,.,.,.,.,.,.,.,.,.,0.7994814,0.0,0.7994814,0.00037456394,CONTRIBUTING_VARIANT
4,71697396,G,A,694.8,PASS,0/1,58,splice_region_variant,GRSF1:ENST00000254799.6:c.815-5C>T:p.?,GRSF1,.,.,.,.,.,rs117578483,0.92915213,0.2396,0.0612,.,.,.,0.92915213,.,0.08874316,.,.,0.6341004,0.0,0.7764926999999999,0.00034098857,CONTRIBUTING_VARIANT
4,71705447,T,G,584.8,PASS,0/1,64,missense_variant,GRSF1:ENST00000254799.6:c.98A>C:p.(Tyr33Ser),GRSF1,.,0.018,.,0.992,.,rs1169201713,0.4347826,.,.,.,.,.,.,.,.,.,.,0.9188851,0.0,0.7764926999999999,0.00034098857,CONTRIBUTING_VARIANT
10,35928387,CCCCCCGCCGCCGCCGGGT,C,194.8,PASS,1/1,18,disruptive_inframe_deletion,FZD8:ENST00000374694.1:c.1953_1970del:p.(Pro652_Gly657del),FZD8,.,.,.,.,.,rs745820425,0.5847953,.,.,.,.,.,.,.,.,0.046040516,.,0.75859404,0.0,0.75859404,0.0003169446,CONTRIBUTING_VARIANT
1,144815946,C,T,37.8,PASS,0/1,7,missense_variant,NBPF9:ENST00000375552.4:c.539C>T:p.(Thr180Met),NBPF9,.,.,.,.,.,rs781839020,0.029466106000000002,.,.,.,.,.,.,.,.,.,.,0.5975718000000001,0.0,0.59818596,0.00016457141,CONTRIBUTING_VARIANT
1,144815950,G,C,28.7,PASS,0/1,8,missense_variant,NBPF9:ENST00000338347.4:c.547G>C:p.(Asp183His),NBPF9,.,.,.,.,.,rs782292103,0.01466921,.,.,.,.,.,.,.,.,.,.,0.5988001000000001,0.0,0.59818596,0.00016457141,CONTRIBUTING_VARIANT
19,18507739,G,A,2519.8,PASS,0/1,116,missense_variant,LRRC25:ENST00000339007.3:c.35C>T:p.(Pro12Leu),LRRC25,.,0.001,.,0.33099997,.,rs141746674,0.123609394,.,.,0.0227,.,.,0.023512814,.,.,.,.,0.3251062,0.0,0.59620214,0.0001632428,CONTRIBUTING_VARIANT
19,18507740,G,T,2519.8,PASS,0/1,117,missense_variant,LRRC25:ENST00000339007.3:c.34C>A:p.(Pro12Thr),LRRC25,.,0.074,.,0.883,.,rs150554036,0.12345679,.,.,0.0227,.,.,0.023523876,.,.,.,.,0.8672979999999999,0.0,0.59620214,0.0001632428,CONTRIBUTING_VARIANT
10,120789846,A,C,34.8,PASS,0/1,9,missense_variant,NANOS1:ENST00000425699.1:c.533A>C:p.(Glu178Ala),NANOS1,.,0.002,.,0.937,.,.,0.0,.,.,.,.,.,.,.,.,.,.,0.937,0.0004905708999999999,0.55649996,0.00013969997,CONTRIBUTING_VARIANT
10,120789851,A,T,34.8,PASS,0/1,9,missense_variant,NANOS1:ENST00000425699.1:c.538A>T:p.(Thr180Ser),NANOS1,.,0.003,.,0.176,.,.,0.0,.,.,.,.,.,.,.,.,.,.,0.17600000000000002,0.0004905708999999999,0.55649996,0.00013969997,CONTRIBUTING_VARIANT
MT,14178,T,C,63.3,PASS,1/1,4,missense_variant,MT-ND6:ENST00000361681.2:c.496A>G:p.(Ile166Val),MT-ND6,.,.,.,.,.,rs28357671,0.0,.,.,.,.,.,.,.,.,.,.,0.6,0.3285489,0.6,0.012595832,CONTRIBUTING_VARIANT
MT,8654,T,C,112.9,PASS,1/1,8,missense_variant,MT-ATP6:ENST00000361899.2:c.128T>C:p.(Ile43Thr),MT-ATP6,.,.,.,.,.,rs200811540,0.0,.,.,.,.,.,.,.,.,.,.,0.6,0.17854387,0.6,0.0017532442000000002,CONTRIBUTING_VARIANT
X,102193018,A,G,1914.8,PASS,1/1,66,missense_variant,RAB40AL:ENST00000218249.5:c.772A>G:p.(Lys258Glu),RAB40AL,.,0.008,0.927788,0.887,.,rs760176957,0.09756097,.,.,.,.,.,.,.,.,.,.,0.91492105,0.3285489,0.91492105,0.044161517000000004,CONTRIBUTING_VARIANT
X,134680396,T,A,737.8,PASS,1/1,25,splice_donor_variant,INTS6L:ENST00000370752.4:c.429+2T>A:p.?,INTS6L,.,.,1.0,.,.,.,0.0,.,.,.,.,.,.,.,.,.,.,1.0,0.0,1.0,0.0008495786999999999,CONTRIBUTING_VARIANT
X,54578110,G,T,1301.8,PASS,1/1,42,missense_variant,GNL3L:ENST00000336470.4:c.973G>T:p.(Val325Leu),GNL3L,.,0.371,0.876936,0.915,.,.,0.0,.,.,.,.,.,.,.,.,.,.,0.915,0.0,0.915,0.0006004162000000001,CONTRIBUTING_VARIANT
X,128657323,C,G,1593.8,PASS,1/1,56,missense_variant,SMARCA1:ENST00000371121.3:c.25G>C:p.(Ala9Pro),SMARCA1,.,0.665,.,0.689,.,rs754629514,0.047378395,.,.,.,.,.,0.047378395,.,.,.,.,0.684476,0.0,0.684476,0.00023413877,CONTRIBUTING_VARIANT
X,102193018,A,G,1914.8,PASS,1/1,66,missense_variant,RAB40AL:ENST00000218249.5:c.772A>G:p.(Lys258Glu),RAB40AL,.,0.008,0.927788,0.887,.,rs760176957,0.09756097,.,.,.,.,.,.,.,.,.,.,0.91492105,0.3285489,0.91492105,0.044161517000000004,CONTRIBUTING_VARIANT
X,30327102,C,T,2011.8,PASS,1/1,65,missense_variant,NR0B1:ENST00000378970.4:c.379G>A:p.(Ala127Thr),NR0B1,.,0.003,.,0.994,.,rs766116884,0.19569471,.,.,.,.,.,0.12517603,.,0.0022699414,.,.,0.96492314,0.293811,0.96492314,0.034570545,CONTRIBUTING_VARIANT
X,134680396,T,A,737.8,PASS,1/1,25,splice_donor_variant,INTS6L:ENST00000370752.4:c.429+2T>A:p.?,INTS6L,.,.,1.0,.,.,.,0.0,.,.,.,.,.,.,.,.,.,.,1.0,0.0,1.0,0.0008495786999999999,CONTRIBUTING_VARIANT
X,7811817,G,T,220.8,PASS,0/1,38,missense_variant,VCX:ENST00000381059.3:c.381G>T:p.(Glu127Asp),VCX,.,0.188,1.0,0.735,.,rs767490462,0.42553192,.,.,.,.,.,.,.,.,.,.,0.92822033,0.0,0.9280318000000001,0.0006332383,CONTRIBUTING_VARIANT
X,7811818,A,G,220.8,PASS,0/1,37,missense_variant,VCX:ENST00000381059.3:c.382A>G:p.(Ser128Gly),VCX,.,0.133,1.0,0.958,.,rs752647366,0.42735043,.,.,.,.,.,.,.,0.015973803,.,.,0.92784333,0.0,0.9280318000000001,0.0006332383,CONTRIBUTING_VARIANT
X,54578110,G,T,1301.8,PASS,1/1,42,missense_variant,GNL3L:ENST00000336470.4:c.973G>T:p.(Val325Leu),GNL3L,.,0.371,0.876936,0.915,.,.,0.0,.,.,.,.,.,.,.,.,.,.,0.915,0.0,0.915,0.0006004162000000001,CONTRIBUTING_VARIANT
X,128657323,C,G,1593.8,PASS,1/1,56,missense_variant,SMARCA1:ENST00000371121.3:c.25G>C:p.(Ala9Pro),SMARCA1,.,0.665,.,0.689,.,rs754629514,0.047378395,.,.,.,.,.,0.047378395,.,.,.,.,0.684476,0.0,0.684476,0.00023413877,CONTRIBUTING_VARIANT
